Employee ID,First Name,Last Name,Email - Primary Work,Primary Address - Postal Code,Primary Address - Line 1,Primary Address - Line 2,Primary Home Address - State
21001,Logan,McNeil,Vijayasarathy_Venugopal@comcast.com,94118,42 Laurel Street,San Francisco,California
21002,Steve,Morgan,smorgan@workday.net,94707,965 Tulare Avenue,Berkeley,California
21003,Oliver,Reynolds,oreynolds@workday.net,94111,2788 Clay Street,San Francisco,California
21004,Maximilian,Schneider,mschneider@workday.net,60606,262 Canal Street,Chicago,Illinois
21005,Teresa,Serrano,tserrano@workday.net,10021,"265 East 68th Street, #18",New York,New York
21006,Maria,Cardoza,mcardoza@workday.net,94707,4432 John Daly Blvd.,Daly City,California
21007,Jacqueline,Desjardins,jdesjardins@workday.net,94109,1888 Broadway Street  Apt. # 910,San Francisco,California
21008,Betty,Liu,bliu@workday.net,94611,6533 Chelton Drive,Oakland,California
21009,Pedro,Santiago,psantiago@workday.net,21409,5067 Thomas Street,Annapolis,Maryland
21012,Norman,Chan,nchan@workday.net,94901,541 Biscayne Drive,San Rafael,California
21010,Lillian,Chu,lchu@workday.net,94709,1515 Spruce Street,Berkeley,California
21014,James,Moore,jmoore@workday.net,94607,312 Oak Street  Apt. 5,Oakland,California
21011,Isabel,Arguello,iarguello@workday.net,94901,1502 4th Street  Apt. 10,San Rafael,California
21013,David,Spiegel,dspiegel@workday.net,95405,4255 Fourth Street,Santa Rosa,California
21015,Daniel,Betancourt,dbetancourt@workday.net,94117,185 Carl Street,San Francisco,California
21016,Chad,Anderson,canderson@workday.net,60610,200 W. Grand  Apt. 1965,Chicago,Illinois
21017,Sara,Goldstein,sgoldstein@workday.net,10022,845 Third Avenue  Apt. 4,New York,New York
21018,Jerome,Williams,jwilliams@workday.net,60610,1788 North Halsted,Chicago,Illinois
21019,Angela,Mora,amora@workday.net,94618,5801 College Avenue,Oakland,California
21020,Andrew,Walton,awalton@workday.net,95452,7835 Sonoma Hwy,Kenwood,California
21021,Anthony,Rizzo,arizzo@workday.net,75220,4110 Highgrove Drive,Dallas,Texas
21022,Marc,Johansson,mjohansson@workday.net,75238,9310 Northpoint Drive,Dallas,Texas
21023,Jack,Taylor,jtaylor@workday.net,75201,72 Maple Lane,Dallas,Texas
21024,Helen,Meyer,hmeyer@workday.net,75124,5119 Reiger Avenue,Dallas,Texas
21025,Jeff,Gordon,jgordon@workday.net,75044,88 Alderon Lane,Richardson,Texas
21026,Jared,Ellis,jellis@workday.net,75201,3535 Gillespie Street  Apt. 201,Dallas,Texas
21027,Noah,Pierce,npierce@workday.net,94117,312 Clayton Street  Apt. 2,San Francisco,California
21028,John,Chen,jchen@workday.net,94107,112 Coral Road,San Francisco,California
21029,Kurt,Braun,kbraun@workday.net,11231,1 Degraw Street,Brooklyn,New York
21030,Emily,Mills,emills@workday.net,10021,75 East 71st  Apt. 18,New York,New York
21031,Sean,McGovern,smcgovern@workday.net,60610,474 North Clinton Street,Chicago,Illinois
21032,Dana,Marek,dmarek@workday.net,60093,1201 Ash Street,Winnetka,Illinois
21033,Timothy,Perkins,tperkins@workday.net,75044,35 St. George Drive,Richardson,Texas
21034,Julie,Bowles,jbowles@workday.net,30316,112 Hatfield Circle SE,Atlanta,Georgia
21035,Colin,Drake,cdrake@workday.net,30309,238 15th Street,Atlanta,Georgia
21036,Joey,Kowalski,jkowalski@workday.net,60622,420 West Evergreen Avenue,Chicago,Illinois
21037,Yumiko,Sato,ysato@workday.net,10012,425 Sullivan Street,New York,New York
21038,Angela,Bianchi,abianchi@workday.net,02111,289 Devonshire Street  Apt. 3,Boston,Massachusetts
21039,Jordan,Hsia,jhsia@workday.net,94070,12 Glasgow Lane,San Carlos,California
21040,James,Brooks,jbrooks@workday.net,94025,32 Hillview Drive,Menlo Park,California
21041,Arjun,Bhat,abhat@workday.net,94043,1825 Montecito Avenue,Mountain View,California
21042,Brad,Harper,bharper@workday.net,94607,375 3rd Street  Apt. 28,Oakland,California
21043,Matt,Eklund,meklund@workday.net,94028,88 Cresta Vista Lane,Portola Valley,California
21044,Stephanie,Astor,sastor@workday.net,94123,635 Marina Boulevard,San Francisco,California
21045,Nathan,Moore,nmoore@workday.net,60201,2705 Lawndale Ave,Evanston,Illinois
21046,James,Walker,jwalker@workday.net,60515,7 Birch Avenue,Downers Grove,Illinois
21047,Kumar,Chopra,kchopra@workday.net,94536,38821 Canyon Heights Drive,Fremont,California
21048,Mitch,Zimmermann,mzimmerman@workday.net,94539,595 Becado Drive,Fremont,California
21049,Madeline,Fleming,mfleming@workday.net,94028,55 Shoshone Place,Portola Valley,California
21050,Brandon,Harris,bharris@workday.net,30318,377 10th Street  Apt. 7,Atlanta,Georgia
21051,Juan,Delgado,jdelgado@workday.net,10038,312 S. Wellington Street,New York,New York
21052,Jennifer,Carter,jcarter@workday.net,60015,7 Woodland Drive,Deerfield,Illinois
21053,Jake,Lee,jlee@workday.net,02170,9 Highland Avenue,Quincy,Massachusetts
21054,Gavin,Li,gli@workday.net,94070,42 Highland Avenue,San Carlos,California
21055,Melissa,Hartman,mhartman@workday.net,30005,12815 Wyngate Trail,Alpharetta,Georgia
21056,Joel,Baker,jbaker@workday.net,10580,4 Pine Island Road,Rye,New York
21057,Leigh,Hastings,lhastings@workday.net,30324,777 Morosgo Drive  Apt. 2004,Atlanta,Georgia
21058,Michael,Yang,myang@workday.net,94062,542 Greendale Way,Redwood City,California
21059,Philip,Spalding,pspalding@workday.net,94114,335 Hill Street,San Francisco,California
21060,Barbara,Palmer,bpalmer@workday.net,30305,"2596 Birchwood Road, NE",Atlanta,Georgia
21061,Pablo,Morales,pmorales@workday.net,60611,1046 N. Rush Street  Apt. 44E,Chicago,Illinois
21062,Stefan,Janowski,sjanowski@workday.net,60611,474 North Lake Shore Drive  Apt. 3202,Chicago,Illinois
21063,Dennis,Tucker,dtucker@workday.net,02445,621 Stanton Road,Brookline,Massachusetts
21064,Michael,Sachs,msachs@workday.net,94705,7 Gravatt Drive,Berkeley,California
21065,Heather,Jennings,hjennings@workday.net,94062,89 Estrada Place,Redwood City,California
21066,Grace,Park,gpark@workday.net,94114,88 Graystone Terrace,San Francisco,California
21067,Cheryl,Edwards,cedwards@workday.net,02445,55 Chesham Road,Brookline,Massachusetts
21068,Donna,Owens,dowens@workday.net,78746,4007 Bunny Run,Austin,Texas
21069,Rodrigo,Sanchez,rsanchez@workday.net,94114,223 Hill Street,San Francisco,California
21070,Marco,Silva,msilva@workday.net,60611,250 East Pearson Street  Apt. 703,Chicago,Illinois
21071,Neal,Jackson,njackson@workday.net,60516,401 Barrett Street,Downers Grove,Illinois
21072,Charles,Bradley,cbradley@workday.net,06830,48 Harbor Drive,Greenwich,Connecticut
21073,Kyle,Hopkins,khopkins@workday.net,10012,57 Bond Street  Apt. 7,New York,New York
21074,Julia,Brant,jbrant@workday.net,94350,645 Bates Avenue,El Cerrito,California
21075,Susan,Steinberg,ssteinberg@workday.net,94941,280 Sycamore Avenue,Mill Valley,California
21080,Jacob,Reid,jreid@workday.net,75205,2300 Shattuck Blvd  Apt. 215,University Park,Texas
21086,Patrick,O'Brien,pobrien@workday.net,02108,45 Hamilton Place  Apt. 801,Boston,Massachusetts
21088,Christine,Nguyen,cnguyen@workday.net,94301,948 Waverley Street,Palo Alto,California
21091,Mark,Navarro,mnavarro@workday.net,60045,309 Ahwahnee Lane,Lake Forest,Illinois
21093,Sherry,Voigt,svoigt@workday.net,60643,10758 S Drew Street,Chicago,Illinois
21095,Victoria,Evans,vevans@workday.net,95452,320 Cypress Avenue,Kenwood,California
21096,Joan,Simmons,jsimmons@workday.net,30338,4521 Village Springs Run,Atlanta,Georgia
21097,Gail,Bradley,gbradley@workday.net,01945,123 West Shore Drive,Marblehead,Massachusetts
21098,Robin,Sanders,rsanders@workday.net,94404,1142 Crane Avenue,Foster City,California
21099,Jack,Clark,jclark@workday.net,94707,724 Lincoln Street,Berkeley,California
21100,Peter,Neumann,pneumann@workday.net,60657,656 West Aldine Avenue,Chicago,Illinois
21101,Lisa,Woolbright,lwoolbright@workday.net,75206,5847 Morningside Avenue,Dallas,Texas
21102,George,Harris,gharris@workday.net,60022,733 Sycamore Lane,Glencoe,Illinois
21103,Eric,Lazlo,elazlo@workday.net,07649,549 Hobart Road,Oradell,New Jersey
21105,Jason,Boyle,jboyle@workday.net,94123,3752 Broderick Street,San Francisco,California
21106,Maria,Hernandez,mhernandez@workday.net,00907,1055 Ave Las Palmas,San Juan,Puerto Rico
21107,Victor,Sabbatini,vsabbatini@workday.net,60062,1545 Shag Bark Lane,Northbrook,Illinois
21108,Ashanti,Singh,asingh@workday.net,10012,51 Crosby Street,New York,New York
21109,Jessica,Crawford,jcrawford@workday.net,02466,28 Marshall Street  Apt. 3,Brookline,Massachusetts
21110,Gary,Pineda,gpineda@workday.net,75205,3239 Lovers Lane,University Park,Texas
21111,James,Mason,jmason@workday.net,94611,32 Villanova Drive,Oakland,California
21112,Kristin,Sanderson,ksanderson@workday.net,06902,161 Hobson Street,Stamford,Connecticut
21113,Jeremy,Miller,jmiller@workday.net,30126,5068 Belair Bluff Court SE,Mableton,Georgia
21114,Audrey,Novak,anovak@workday.net,53158,10409 Lakeshore Drive,Pleasant Prairie,Wisconsin
21115,Jon,Westbrook,jwestbrook@workday.net,02116,42 Warren Avenue,Boston,Massachusetts
21116,Gina,Brown,gbrown@workday.net,75205,4219 McKinney Avenue,Highland Park,Texas
21117,Amanda,Baker,abaker@workday.net,94501,428 Lincoln Avenue,Alameda,California
21118,Ben,Adams,badams@workday.net,95442,3022 Warm Springs Road,Glen Ellen,California
21119,Kelly,Brown,kbrown@workday.net,60035,420 Orchard Lane,Highland Park,Illinois
21141,Joyce,Sandoval,jsandoval@workday.net,01776,82 Hemlock Road,Sudbury,Massachusetts
21142,Aidan,Mitzner,amitzner@workday.net,06355,4 Island View Avenue,Mystic,Connecticut
21143,Brian,Sullivan,bsullivan@workday.net,94127,112 Fernwood Drive,San Francisco,California
21144,Dawn,Myers,dmyers@workday.net,10025,392 Central Park West,New York,New York
21145,Robert,Hsing,rhsing@workday.net,94061,792 Myrtle Street,Redwood City,California
21146,Graham,Roberts,groberts@workday.net,60093,369 Hawthorn Lane,Winnetka,Illinois
21147,Kim,Slater,kslater@workday.net,60093,265 Poplar Street,Winnetka,Illinois
21148,Yolanda,Torres,ytorres@workday.net,60035,1925 Southland Avenue,Highland Park,Illinois
21149,Glenn,Gibson,ggibson@workday.net,60302,938 North Euclid Avenue,Oak Park,Illinois
21150,Tyler,Ross,tross@workday.net,60614,903 West Webster Avenue,Chicago,Illinois
21151,Melanie,Watson,mwatson@workday.net,10024,101 West 81st Street,New York,New York
21152,Laurie,Jenkins,ljenkins@workday.net,60610,1212 North Lake Shore Drive,Apt. 27C,Illinois
21153,Amanda,Mackenzie,amackenzie@workday.net,60044,420 Simpson Street,Lake Bluff,Illinois
21154,William,Kent,wkent@workday.net,60610,1350 North Lake Shore Drive,Apt. 2425,Illinois
21155,Leila,Ortiz,lortiz@workday.net,60605,1841 South Calumet Avenue,Chicago,Illinois
21156,Stanley,Lawrence,slawrence@workday.net,60631,7227 West Fitch Avenue,Chicago,Illinois
21157,Evelyn,Welch,ewelch@workday.net,75254,14141 Meandering Way,Dallas,Texas
21165,Jonathan,Quinn,jquinn@workday.net,15215,100 Tomahawk Drive,Fox Chapel,Pennsylvania
21166,Matt,Knox,mknox@workday.net,43130,2165 Lancaster Circleville Road,Lancaster,Ohio
21174,Catherine,Gibson,cgibson@workday.net,60044,339 East Scranton Avenue,Lake Bluff,Illinois
21175,Enrique,Vasquez,evasquez@workday.net,11229,2143 Haring Street,Brooklyn,New York
21191,Kevin,Turner,kevin.turner@workday.net,94107,1047 Mississippi Street,Apt #2,California
21193,Darryl,Parker,dparker@workday.net,10024,176 West 87th Street,New York,New York
21194,Carol,Abbott,cabbott@workday.net,60614,1715 North Wells,Chicago,Illinois
21199,Conor,Harrington,charrington@workday.net,02467,3 Spooner Road,Brookline,Massachusetts
21200,Antonio,Conti,aconti@workday.net,60091,3031 Iroquois Road,Wilmette,Illinois
21201,Amit,Patel,apatel@workday.net,94025,5 Magnolia Street,Menlo Park,California
21222,Amelia,Casias,acasias@workday.net,60615,1364 E. 53rd Street #9,Chicago,Illinois
21223,Brian,Kaplan,bkaplan@workday.net,60657,510 W. Wellington Ave #2,Chicago,Illinois
21225,Meredith,Baxter,mbaxter@workday.net,94010,23 Cypress Lane,Burlingame,California
21230,Manny,Soto,msoto@workday.net,60044,511 Lincoln Ave,Lake Bluff,Illinois
21237,Adam,Carlton,acarlton@workday.net,01915,10 Chapel Hill Road,Beverley,Massachusetts
21241,Elizabeth,Johnson,ejohnson@workday.net,30030,11 Robin Street,Decatur,Georgia
21087,Megan,Cook,mcook@workday.net,07450,495 Alpine Terrace,Ridgewood,New Jersey
21090,Alvin,Hwang,ahwang@workday.net,94402,552 Gramercy Drive,San Mateo,California
21243,Terry,Givens,tgivens@workday.net,94577,1096 Cecilia Court,San Leandro,California
21246,David,Martinez,dmartinez@workday.net,75254,5229 Spring Valley Rd,Dallas,Texas
21247,Michelle,Campano,mcampano@workday.net,75207,2727 Stemmons Drive,Dallas,Texas
21248,Laura,Estes,lestes@workday.net,75240,1407 Noel Street,Dallas,Texas
21249,Arjit,Mitra,amitra@workday.net,75201,2323 Field Street,Dallas,Texas
21250,Troy,Bennett,tbennett@workday.net,94010,220 Primrose Road,Burlingame,California
21251,Austin,Jin,ajin@workday.net,94123,2365 Chestnut Street,San Francisco,California
21257,Allison,Hunter,ahunter@workday.net,94107,2315 Chestnut Street,San Francisco,California
21258,Randy,Chin,rchin@workday.net,60654,24 West Hubbard Street,Chicago,Illinois
21271,Owen,Burke,oburke@workday.net,94102,611 Jones Street,San Francisco,California
21277,Hailey,Ward,hward@workday.net,94123,245 Scott Street,San Francisco,California
21104,Adrian,Martin,amartin@workday.net,30312,250 Park Avenue West  Apt. 603,Atlanta,Georgia
21082,Alex,Grossman,agrossman@workday.net,11771,156 Summers Street,Oyster Bay,New York
21084,Jill,Cole,jcole@workday.net,94117,977 Clayton Street,San Francisco,California
21085,Kevin,Gibson,kgibson@workday.net,30328,1075 Charles Town Square  Apt. 1075,Atlanta,Georgia
21092,Nicole,Williams,nwilliams@workday.net,94402,4 Fordham Road,San Mateo,California
21289,Jen,Waters,jwaters@workday.net,07030,98 Washington Street,Hoboken,New Jersey
21290,Cory,Young,cyoung@workday.net,60611,25 East Superior Street,Apt 1901,Illinois
21094,Michael,Choi,mchoi@workday.net,01810,3 Stinson Road,Andover,Massachusetts
21309,Todd,Hardy,thardy@workday.net,60651,1140 North Harding Street,Chicago,Illinois
21089,Joann,Fisher,jfisher@workday.net,60044,320 Vincent Court,Lake Bluff,Illinois
21314,Ian,Murray,imurray@workday.net,95066,800 Flora Lane,Scotts Valley,California
21192,Keith,Barnes,keith.barnes@workday.com,94403,1107 Lafayette Street,San Mateo,California
21213,Tammy,Calhoun,tcalhoun@workday.net,10035,1485 5th Avenue,New York,New York
21317,Marcus,Severino,mseverino@workday.net,94611,215 West MacArthur Boulevard,Piedmont,California
21320,Dale,Tracy,dtracy@workday.net,08034,343 Belmont Drive,Cherry Hill,New Jersey
21325,Saul,Jacobson,,06840,85 Woodridge Circle,New Canaan,Connecticut
21081,Carmen,Cortes,ccortes@workday.net,11962,71 Crestview Lane,Sagaponack,New York
21330,Deborah,Simpson,dsimpson@workday.net,94158,355 Berry St #220,San Francisco,California
21336,Martin,Davis,,94507,200 Hemme Ave,Alamo,California
21337,Tina,Olson,tolson@workday.net,94118,450 Euclid Avenue,#201,California
21338,Brett,Campbell,bcampbell@workday.net,02120,48 Hillside Street A,Boston,Massachusetts
21340,Will,Matthews,,75201,2525 Carlisle St # 310,Dallas,Texas
21341,Kylie,Winters,,94117,903 Cole Street,San Francisco,California
21342,Bruce,Morton,,10012,132 Thompson Street #38,New York,New York
21343,Laura,Andrews,,60614,2300 N Lincoln Park W #139,Chicago,Illinois
21344,Ava,Gonzalez,,94563,253 Manzanita Drive,Orinda,California
21362,Dean,Thomas,,94597,915 Renoir Circle,Walnut Creek,California
21363,Janet,Childs,,02467,25 Fairway  Road,Chestnut Hill,Massachusetts
21364,Jamie,Stone,,02332,37 Driftwood Drive,Duxbury,Massachusetts
21365,Dustin,Worth,,94109,1601 Pacific Avenue #201,San Francisco,California
21366,Leslie,Boudreau,,10014,66 Perry Street #4,New York,New York
21367,Joshua,Winston,,60614,2150 N. Lincoln Park #35,Chicago,Illinois
21410,Benjamin,Leon,,94103,1190 Mission Street,San Francisco,California
21411,Lexi,Breton,,94103,AVA 55 Ninth,San Francisco,California
21412,Angela,Snodgrass,,94103,1188 Mission Street,San Francisco,California
21418,Connor,Cleary,ccleary@workday.net,02108,554 John Adams Circle,Apt 303,Massachusetts
21419,Darius,Simba,dsimba@workday.net,60455,129 Stucky Avenue,Bridgeview,Illinois
21422,Anwar,Devi,adevi@workday.net,30308,905 Piedmont Ave. SE,Apt 1601,Georgia
21423,Lily,Kang,lkang@workday.net,07601,920 Arcadia Place,Apt 403,New Jersey
21424,Amber,Vasser,avasser@workday.net,60632,2345 Talisman Ave,Apt 821,Illinois
21425,Wesley,Kingston,,11201,681 Henry Street,Apt 5,New York
21430,Rachel,Knight,rachel.knight@workday.net,94114,3770 22nd Street,San Francisco,California
21431,Joy,Banks,joy.banks@workday.net,94118,3799 Washington Street,San Francisco,California
21445,Grayson,Rogers,grayson.rogers@workday.net,10005,95 Wall Street #2107,New York,New York
21446,Ashton,Burns,ashton.burns@workday.net,11226,2025 Regent Place,Brooklyn,New York
21458,Inez,Camacho,inez.camacho@workday.net,96929,250 Villa Rosario,Dededo,Guam
21081,Carmen,Cortes,ccortes@workday.net,11962,71 Crestview Lane,Sagaponack,New York
21082,Alex,Grossman,agrossman@workday.net,11771,156 Summers Street,Oyster Bay,New York
21083,Kelly,Crawford,kcrawford@workday.net,60540,81 West Benton Avenue,Naperville,Illinois
21084,Jill,Cole,jcole@workday.net,94117,977 Clayton Street,San Francisco,California
21085,Kevin,Gibson,kgibson@workday.net,30328,1075 Charles Town Square  Apt. 1075,Atlanta,Georgia
21087,Megan,Cook,mcook@workday.net,07450,495 Alpine Terrace,Ridgewood,New Jersey
21089,Joann,Fisher,jfisher@workday.net,60044,320 Vincent Court,Lake Bluff,Illinois
21090,Alvin,Hwang,ahwang@workday.net,94402,552 Gramercy Drive,San Mateo,California
21092,Nicole,Williams,nwilliams@workday.net,94402,4 Fordham Road,San Mateo,California
21094,Michael,Choi,mchoi@workday.net,01810,3 Stinson Road,Andover,Massachusetts
21104,Adrian,Martin,amartin@workday.net,30312,250 Park Avenue West  Apt. 603,Atlanta,Georgia
21192,Keith,Barnes,keith.barnes@workday.com,94403,1107 Lafayette Street,San Mateo,California
21213,Tammy,Calhoun,tcalhoun@workday.net,10035,1485 5th Avenue,New York,New York
21217,Paul,Walsh,pwalsh@workday.net,60601,444 Michigan Avenue,Apartment 302,Illinois
21221,Abby,Brennan,abrennan@workday.net,60649,7251 South Shore Drive #6,Chicago,Illinois
21232,Maya,Scott,mscott@workday.net,94123,1679 Vallejo Street,San Francisco,California
21233,Olivia,Price,oprice@workday.net,94703,1702 Francisco Street,Berkeley,California
21234,Jenna,Lane,jlane@workday.net,94618,234 View Place,Oakland,California
21235,Joe,Dunn,jdunn@workday.net,07030,340 Sinatra Drive,Hoboken,New Jersey
21259,Stephen,Peters,speters@workday.net,75201,650 North Pearl Street,Dallas,Texas
21261,Joseph,Finley,jfinley@workday.net,75240,1272 Merit Drive,Dallas,Texas
21262,Michael,McCarthy,mmccarthy@workday.net,75202,1907 Lamar Street,Dallas,Texas
21264,Hank,DeWitt,hdewitt@workday.net,75211,1718 N. Cockrell Hill Road,Dallas,Texas
21265,Seth,Valencia,,75205,5915 Preston Road,University Park,Texas
21269,Carrie,Wong,cwong@workday.net,94107,1405 18th Street,San Francisco,California
21324,Emma,Rose,,10004,50 Broad Street,New York,New York
21413,Jennie,Troutman,jennie.troutman@workday.net,61764-9218,9152 Shady Panda Walk,Buncombe,Illinois
21439,Zoe,Fox,zoe.fox@workday.net,10028-2601,227 East 81st Street #3E,New York,New York