LAST_NAME,FIRST_NAME,EMAIL,ADDRESS1,CITY,STATE,POSTAL
Coffee,Cathy,c.coffee@hack.com,157 Caffeine Ct.,Walnut Creek,CA,94596
Fenelia,Pashley,fpashley0@arizona.edu,8 Northridge Crossing,Portsmouth,New Hampshire,03804
Norby,Qualtro,nqualtro1@amazon.de,31 Loeprich Drive,Roanoke,Virginia,24034
Gwendolyn,Hallagan,ghallagan2@mtv.com,7 Northridge Way,Akron,Ohio,44315
Mala,Boome,mboome3@mayoclinic.com,8 Brown Center,Fort Lauderdale,Florida,33355
Humphrey,Hemmingway,hhemmingway4@ca.gov,452 Jenna Crossing,Des Moines,Iowa,50305
Terrance,Beasley,tbeasley5@auda.org.au,79 Carioca Street,Dallas,Texas,75226
Jackquelin,Zupone,jzupone6@issuu.com,3971 Hanson Park,Cincinnati,Ohio,45238
Saxon,Claridge,sclaridge7@goodreads.com,767 Daystar Drive,Atlanta,Georgia,30368
Neall,Richten,nrichten8@tmall.com,6654 Graceland Point,Kansas City,Missouri,64187
Emelia,Drinkeld,edrinkeld9@mlb.com,5 La Follette Road,Charlotte,North Carolina,28299
Sara-ann,Robens,srobensa@jigsy.com,6817 Independence Circle,Philadelphia,Pennsylvania,19172
Kare,Keward,kkewardb@bloomberg.com,22968 Moose Road,Chattanooga,Tennessee,37410
Thorny,Clawsley,tclawsleyc@boston.com,1 Commercial Pass,Washington,District of Columbia,20540
Torrence,Gatteridge,tgatteridged@ucsd.edu,86 Montana Terrace,Dulles,Virginia,20189
Vincenz,Sivewright,vsivewrighte@theguardian.com,5 Riverside Street,Columbia,Missouri,65211
Wilona,Gethings,wgethingsf@amazonaws.com,14 Atwood Alley,Miami,Florida,33261
Heath,Fairley,hfairleyg@miibeian.gov.cn,67 Barnett Avenue,Greensboro,North Carolina,27455
Leicester,Mettetal,lmettetalh@ucoz.ru,65 Heffernan Junction,Ogden,Utah,84403
Netta,Grigorushkin,ngrigorushkini@wunderground.com,128 Autumn Leaf Center,Albany,New York,12237
Rudie,McCluskey,rmccluskeyj@ft.com,0105 Anzinger Park,Portland,Oregon,97221
Valentina,Yaus,vyausk@ucsd.edu,044 Chive Street,Anchorage,Alaska,99522
Dolli,Quoit,dquoitl@prnewswire.com,13206 Goodland Place,New York City,New York,10249
Sophey,Petrina,spetrinam@nhs.uk,649 Loomis Lane,New York City,New York,10160
Nancee,Baike,nbaiken@unesco.org,361 Onsgard Hill,Jersey City,New Jersey,07305
Niall,Jefferd,njefferdo@theguardian.com,51770 Mallory Trail,Henderson,Nevada,89012
Joceline,Dionis,jdionisp@mtv.com,4891 Ridge Oak Park,Carson City,Nevada,89714
Johnnie,Cabrara,jcabraraq@nps.gov,8664 Meadow Vale Court,Flint,Michigan,48505
Vitia,Denington,vdeningtonr@spiegel.de,795 Vermont Court,Woburn,Massachusetts,01813
Barrie,Slane,bslanes@china.com.cn,9926 Hanson Plaza,Tulsa,Oklahoma,74108
Athena,Coundley,acoundleyt@blog.com,2987 American Drive,Gilbert,Arizona,85297
Will,Lepoidevin,wlepoidevinu@naver.com,4348 Heath Junction,Omaha,Nebraska,68197
Rosella,Robertacci,rrobertacciv@edublogs.org,847 Toban Way,Beaufort,South Carolina,29905
Codie,Crichten,ccrichtenw@people.com.cn,77005 Shasta Trail,Tucson,Arizona,85743
Ardella,Ventura,aventurax@tripadvisor.com,59 Melrose Drive,Baton Rouge,Louisiana,70815
Brocky,Curnok,bcurnoky@51.la,8278 Tony Terrace,Macon,Georgia,31296
Hadria,Innett,hinnettz@adobe.com,5 Lindbergh Road,Fayetteville,North Carolina,28314
Penny,Rhoddie,prhoddie10@freewebs.com,27022 Northwestern Junction,San Francisco,California,94116
Cletis,Vasenin,cvasenin11@bigcartel.com,8056 Carberry Plaza,Panama City,Florida,32405
Marion,Scogin,mscogin12@java.com,76 Hayes Terrace,Dallas,Texas,75221
Morgan,Holdforth,mholdforth13@mtv.com,29221 Hoard Way,Columbus,Ohio,43220
Marlin,Odcroft,modcroft14@cbslocal.com,64032 Eagle Crest Place,Charleston,West Virginia,25313
Nell,Biskup,nbiskup15@hao123.com,18849 Straubel Alley,Lynchburg,Virginia,24515
Brunhilda,Towsie,btowsie16@globo.com,4298 Kim Lane,Pittsburgh,Pennsylvania,15215
Janeczka,Kuhl,jkuhl17@loc.gov,89 Brickson Park Crossing,Waco,Texas,76796
Clea,Algeo,calgeo18@army.mil,1377 Longview Center,Lancaster,Pennsylvania,17605
Harlene,Jeeks,hjeeks19@google.com.hk,9100 Rusk Point,Canton,Ohio,44720
Dena,Hartas,dhartas1a@ft.com,666 Forest Run Way,El Paso,Texas,88525
Rasla,Falconer-Taylor,rfalconertaylor1b@businessinsider.com,63104 Lillian Junction,Newton,Massachusetts,02458
Silvie,Picott,spicott1c@webmd.com,90 Anhalt Terrace,Palatine,Illinois,60078
Susann,Neary,sneary1d@house.gov,362 Arkansas Avenue,Springfield,Massachusetts,01105
Clovis,Slopier,cslopier1e@cbc.ca,752 Chinook Plaza,Ocala,Florida,34479
Winthrop,Rosoman,wrosoman1f@mail.ru,59354 Leroy Alley,Los Angeles,California,90035
Merissa,Possel,mpossel1g@google.com.br,6 Golden Leaf Road,Bakersfield,California,93399
Judye,Slopier,jslopier1h@uol.com.br,4609 Mayfield Park,Dearborn,Michigan,48126
Lana,McGillivrie,lmcgillivrie1i@mit.edu,2 Norway Maple Crossing,Fort Lauderdale,Florida,33310
Pebrook,Orry,porry1j@springer.com,11782 Commercial Drive,Peoria,Illinois,61635
Kinnie,Arias,karias1k@google.com.hk,954 Wayridge Pass,Silver Spring,Maryland,20918
Milton,Jachimak,mjachimak1l@cargocollective.com,8473 Bultman Point,Greeley,Colorado,80638
Deanne,Danaher,ddanaher1m@google.co.uk,809 Holy Cross Junction,El Paso,Texas,88569
Aksel,Molines,amolines1n@reddit.com,2169 Manitowish Crossing,Orlando,Florida,32859
Andriette,McParland,amcparland1o@zdnet.com,5705 Eagan Plaza,Albuquerque,New Mexico,87121
Jaquith,Craigmyle,jcraigmyle1p@usgs.gov,5797 Melvin Parkway,Humble,Texas,77346
Alysa,Casbon,acasbon1q@sohu.com,3 Derek Lane,Dayton,Ohio,45432
Brett,Houndesome,bhoundesome1r@sohu.com,577 Warbler Lane,Bloomington,Illinois,61709
Martguerita,Purchon,mpurchon1s@arstechnica.com,6316 Elgar Way,Durham,North Carolina,27705
Shannan,Vankeev,svankeev1t@myspace.com,8 Homewood Lane,Phoenix,Arizona,85053
Osbourne,Woolnough,owoolnough1u@godaddy.com,8220 Kensington Trail,Knoxville,Tennessee,37914
Hobard,McQuilty,hmcquilty1v@com.com,95007 Wayridge Junction,New York City,New York,10009
Gretta,McCrackan,gmccrackan1w@google.co.uk,898 Everett Junction,Indianapolis,Indiana,46266
Georgina,Verrier,gverrier1x@zimbio.com,2425 Del Mar Lane,San Antonio,Texas,78205
Maximilian,Whitland,mwhitland1y@umn.edu,2442 Vahlen Trail,Syracuse,New York,13224
Livvie,Hoxey,lhoxey1z@cargocollective.com,957 Mifflin Circle,Hamilton,Ohio,45020
Randolph,Griggs,rgriggs20@nyu.edu,54 Hoard Plaza,Montgomery,Alabama,36177
Elana,Puddephatt,epuddephatt21@biblegateway.com,5 Evergreen Trail,Largo,Florida,34643
Martie,Monaghan,mmonaghan22@4shared.com,17 Crownhardt Crossing,Santa Rosa,California,95405
Karena,Warbys,kwarbys23@cafepress.com,380 South Way,Levittown,Pennsylvania,19058
Dominic,Duding,dduding24@forbes.com,88945 Pawling Alley,Torrance,California,90505
Karole,Blenkinsopp,kblenkinsopp25@redcross.org,6671 Troy Terrace,Lexington,Kentucky,40591
Rex,Lowson,rlowson26@gizmodo.com,6 Kingsford Point,Washington,District of Columbia,20540
Marrissa,Kirkbride,mkirkbride27@wikimedia.org,029 Holmberg Hill,Youngstown,Ohio,44505
Viola,Light,vlight28@baidu.com,55 Fuller Pass,Spokane,Washington,99252
Delila,Alner,dalner29@constantcontact.com,75 Eliot Way,Brooklyn,New York,11225
Darline,Dodworth,ddodworth2a@examiner.com,236 Merchant Hill,Chicago,Illinois,60619
Stu,Bysouth,sbysouth2b@uiuc.edu,078 Talmadge Drive,Roanoke,Virginia,24024
Julee,Wickmann,jwickmann2c@rediff.com,44864 Continental Point,Tampa,Florida,33686
Chandal,Benitti,cbenitti2d@geocities.com,70691 Old Shore Avenue,Midland,Texas,79710
Libbie,Bradick,lbradick2e@chicagotribune.com,89 Mallory Trail,Littleton,Colorado,80126
Bendicty,Botterman,bbotterman2f@google.cn,776 Evergreen Point,Mc Keesport,Pennsylvania,15134
Biron,Leeuwerink,bleeuwerink2g@squarespace.com,63082 Rusk Way,North Port,Florida,34290
Richard,Viger,rviger2h@boston.com,7835 Atwood Alley,Washington,District of Columbia,20231
Giavani,Moraleda,gmoraleda2i@cmu.edu,73 Mendota Park,Columbus,Ohio,43220
Suellen,Di Dello,sdidello2j@nytimes.com,342 Mockingbird Center,Albany,New York,12255
Micah,Castiglione,mcastiglione2k@google.de,64 Sherman Place,Topeka,Kansas,66622
Borden,Dulany,bdulany2l@biblegateway.com,5532 Packers Center,Escondido,California,92030
Mada,Arnout,marnout2m@canalblog.com,7570 Carpenter Plaza,Indianapolis,Indiana,46278
Manny,Dugdale,mdugdale2n@live.com,24 Lighthouse Bay Drive,Beaumont,Texas,77705
Weider,Mustard,wmustard2o@dyndns.org,392 Hovde Plaza,Toledo,Ohio,43605
Bartram,Lampard,blampard2p@howstuffworks.com,49 Manufacturers Avenue,Colorado Springs,Colorado,80945
Egan,Kingham,ekingham2q@ca.gov,4830 Waxwing Road,Lehigh Acres,Florida,33972
Christalle,Lenthall,clenthall2r@opera.com,27571 Gina Road,Huntsville,Alabama,35805
Maisey,Olive,molive2s@domainmarket.com,6 Dapin Way,Roanoke,Virginia,24024
Ernest,Darter,edarter2t@cnet.com,093 Caliangt Lane,Jacksonville,Florida,32277
Bartlett,Owens,bowens2u@ca.gov,08 Superior Place,Naperville,Illinois,60567
Larina,Devoy,ldevoy2v@latimes.com,397 Barnett Lane,Dayton,Ohio,45408
Ulrica,Tomaszek,utomaszek2w@mail.ru,585 Chive Lane,Stockton,California,95219
Faber,Whitty,fwhitty2x@dot.gov,591 Holy Cross Parkway,Jacksonville,Florida,32230
Susanne,Legges,slegges2y@dell.com,23877 Portage Alley,Philadelphia,Pennsylvania,19146
Barbe,Stebbings,bstebbings2z@businessweek.com,65 Cambridge Trail,Dallas,Texas,75236
Emanuel,Sommerscales,esommerscales30@blogspot.com,94 Superior Avenue,New York City,New York,10039
Fionna,Northing,fnorthing31@parallels.com,8916 Del Mar Road,Torrance,California,90510
Elicia,Signe,esigne32@people.com.cn,1970 Macpherson Alley,Pensacola,Florida,32505
Row,Euston,reuston33@bloglines.com,3159 Magdeline Center,Phoenix,Arizona,85062
Rollin,Poyser,rpoyser34@cisco.com,7 Manitowish Lane,Charleston,West Virginia,25362
Conney,Yeomans,cyeomans35@thetimes.co.uk,16918 Butterfield Junction,El Paso,Texas,88535
Joete,Matschoss,jmatschoss36@desdev.cn,9 Bowman Park,Austin,Texas,78721
Harmon,Tomaszek,htomaszek37@homestead.com,4 Mccormick Crossing,Atlanta,Georgia,30311
Vyky,Bowdon,vbowdon38@latimes.com,44474 Almo Road,Tucson,Arizona,85710
Myrlene,Yarnley,myarnley39@ycombinator.com,744 Old Shore Alley,Norfolk,Virginia,23520
Rudiger,Gerrad,rgerrad3a@xinhuanet.com,613 Ryan Way,Salt Lake City,Utah,84135
Nalani,Maes,nmaes3b@comsenz.com,314 Basil Junction,Vero Beach,Florida,32969
Giorgi,Doget,gdoget3c@macromedia.com,093 Loftsgordon Circle,Portland,Oregon,97296
Joannes,Ballance,jballance3d@ca.gov,23 Old Shore Place,Philadelphia,Pennsylvania,19093
Delaney,Jillins,djillins3e@wunderground.com,5 Burning Wood Pass,El Paso,Texas,79928
Rich,McClymont,rmcclymont3f@meetup.com,53380 Hollow Ridge Parkway,Inglewood,California,90398
Hakim,Pretswell,hpretswell3g@dagondesign.com,3 American Ash Plaza,Atlanta,Georgia,30380
Daryl,Pocknoll,dpocknoll3h@slashdot.org,7 Lakewood Gardens Terrace,Evansville,Indiana,47719
Man,Disley,mdisley3i@tamu.edu,1 Butterfield Road,New York City,New York,10110
Guillemette,Stockell,gstockell3j@illinois.edu,4 Swallow Point,Louisville,Kentucky,40233
Emmery,Houliston,ehouliston3k@creativecommons.org,64 Surrey Park,Chicago,Illinois,60604
Dav,Taunton,dtaunton3l@wiley.com,56 Golf View Terrace,Brooksville,Florida,34605
Tracee,Hebborne,thebborne3m@oracle.com,771 Welch Point,Springfield,Massachusetts,01152
Luther,O'Dennehy,lodennehy3n@ucsd.edu,95677 Rowland Road,Fort Worth,Texas,76147
Anallise,Klimus,aklimus3o@1und1.de,3946 Pine View Junction,Harrisburg,Pennsylvania,17105
Glenda,Richly,grichly3p@360.cn,2473 Bartelt Trail,Silver Spring,Maryland,20904
Aldis,Semper,asemper3q@sciencedirect.com,50105 Roxbury Alley,Wilmington,North Carolina,28405
Colline,Mangon,cmangon3r@vistaprint.com,568 Tennyson Crossing,Huntsville,Alabama,35810
Conrad,Spraggs,cspraggs3s@barnesandnoble.com,3960 Hoepker Place,Texarkana,Texas,75507
Merwyn,Holtham,mholtham3t@skype.com,21 Armistice Center,Oklahoma City,Oklahoma,73190
Maximilian,Barok,mbarok3u@imageshack.us,6 Golf Course Pass,Atlanta,Georgia,30380
Koenraad,Dewbury,kdewbury3v@irs.gov,3532 Homewood Place,Tucson,Arizona,85743
Pincus,Abley,pabley3w@e-recht24.de,97 Mallard Road,Anchorage,Alaska,99507
Terry,Copnall,tcopnall3x@4shared.com,4 Holy Cross Hill,Pittsburgh,Pennsylvania,15225
Johnnie,Gallimore,jgallimore3y@last.fm,70 Lake View Alley,Metairie,Louisiana,70033
Misti,Kinkaid,mkinkaid3z@sfgate.com,3 Tennessee Circle,Charleston,West Virginia,25326
Veronika,Drakes,vdrakes40@trellian.com,1 Gerald Trail,Sacramento,California,95894
Iggy,Sedcole,isedcole41@phpbb.com,711 Milwaukee Circle,Corpus Christi,Texas,78415
Barbabra,Bastiman,bbastiman42@elpais.com,0856 Canary Point,Toledo,Ohio,43635
Val,Dolphin,vdolphin43@skyrock.com,34 Beilfuss Road,Portland,Maine,04109
Raf,Seefeldt,rseefeldt44@usda.gov,372 Hovde Terrace,Knoxville,Tennessee,37919
Knox,Hurran,khurran45@columbia.edu,06 Hintze Place,Durham,North Carolina,27705
Jude,Veljes,jveljes46@toplist.cz,431 Hallows Place,Norwalk,Connecticut,06859
Ragnar,Hawton,rhawton47@elpais.com,5126 Rieder Crossing,Pueblo,Colorado,81010
Barton,Kyrkeman,bkyrkeman48@csmonitor.com,17 Mayer Avenue,Independence,Missouri,64054
Carlota,Maddigan,cmaddigan49@quantcast.com,61 Browning Hill,Corpus Christi,Texas,78470
Daryle,Berendsen,dberendsen4a@nih.gov,16 Emmet Pass,Cincinnati,Ohio,45249
Lona,Harse,lharse4b@sourceforge.net,98 Buell Pass,Saint Joseph,Missouri,64504
Sonja,Defont,sdefont4c@themeforest.net,849 Parkside Junction,Colorado Springs,Colorado,80905
Dita,Bartke,dbartke4d@creativecommons.org,0 Lunder Hill,Des Moines,Iowa,50315
Grady,Yantsurev,gyantsurev4e@google.de,41 Anderson Way,Newport News,Virginia,23605
Cordell,Prazer,cprazer4f@engadget.com,6 Forest Dale Drive,Young America,Minnesota,55573
Baldwin,Engelmann,bengelmann4g@list-manage.com,30269 Lillian Place,Baltimore,Maryland,21265
Sanson,Spinola,sspinola4h@google.fr,8 Morrow Road,Newton,Massachusetts,02162
Launce,Giacomasso,lgiacomasso4i@archive.org,0633 Old Gate Center,Nashville,Tennessee,37215
Kimberley,Senechault,ksenechault4j@businessinsider.com,43 Eastwood Lane,Valdosta,Georgia,31605
Marita,Ballantine,mballantine4k@state.gov,1781 Manley Pass,Chicago,Illinois,60619
Gavra,Huncote,ghuncote4l@yellowbook.com,3589 Vahlen Trail,Cincinnati,Ohio,45208
Gail,Gawthorp,ggawthorp4m@scribd.com,7010 Pearson Avenue,Madison,Wisconsin,53779
Ulberto,Adair,uadair4n@sakura.ne.jp,589 Service Circle,Charleston,West Virginia,25321
Clemens,Palleske,cpalleske4o@gnu.org,02517 Petterle Court,Chicago,Illinois,60652
Garland,Keme,gkeme4p@google.de,51 Manley Street,Mansfield,Ohio,44905
Darryl,Kingscote,dkingscote4q@patch.com,796 Pine View Crossing,Mobile,Alabama,36670
Jackqueline,Seabrocke,jseabrocke4r@hhs.gov,48647 Lotheville Center,Milwaukee,Wisconsin,53277
Amery,Huffy,ahuffy4s@facebook.com,2 Moose Plaza,Erie,Pennsylvania,16505
Charla,Cuddon,ccuddon4t@blog.com,4905 Kipling Point,Tacoma,Washington,98405
Valenka,Porker,vporker4u@foxnews.com,219 Westend Alley,Vero Beach,Florida,32964
Burr,Morot,bmorot4v@blogger.com,8 Summit Terrace,Omaha,Nebraska,68144
Aloysia,Judd,ajudd4w@naver.com,3908 Cascade Point,Pinellas Park,Florida,34665
Niccolo,Oglevie,noglevie4x@slate.com,2 Declaration Alley,Killeen,Texas,76544
Philip,Acosta,pacosta4y@ftc.gov,66 North Road,Rochester,New York,14624
Loydie,Challenor,lchallenor4z@t.co,04 International Crossing,San Jose,California,95155
Clywd,Shilladay,cshilladay50@booking.com,015 Oak Valley Way,Birmingham,Alabama,35231
Glenden,Hartshorn,ghartshorn51@ibm.com,8832 Del Sol Drive,Cincinnati,Ohio,45271
Elnore,Denslow,edenslow52@naver.com,440 Thompson Plaza,Philadelphia,Pennsylvania,19141
Zita,Janus,zjanus53@accuweather.com,32 Amoth Lane,San Jose,California,95133
Danette,Scandroot,dscandroot54@merriam-webster.com,25 Dottie Drive,Corpus Christi,Texas,78475
Jessey,Stevings,jstevings55@tamu.edu,2119 Arkansas Place,Canton,Ohio,44720
Sydelle,Parnham,sparnham56@nba.com,52 Oriole Crossing,Pasadena,California,91117
Gilemette,Lum,glum57@plala.or.jp,71 Elgar Road,Seattle,Washington,98140
Zechariah,Vittery,zvittery58@washingtonpost.com,0117 Dayton Lane,Dallas,Texas,75392
Tybalt,Lowrey,tlowrey59@economist.com,95926 Goodland Road,Shawnee Mission,Kansas,66210
Der,Durdy,ddurdy5a@bigcartel.com,9106 Rieder Crossing,Salt Lake City,Utah,84199
Modesta,Pymer,mpymer5b@google.com.br,31 Amoth Parkway,Kansas City,Missouri,64193
Catha,Isenor,cisenor5c@hibu.com,1079 Bartillon Plaza,Colorado Springs,Colorado,80920
Gwenneth,Elgey,gelgey5d@about.com,8 Lerdahl Court,Brooklyn,New York,11220
Kirbie,MacPaike,kmacpaike5e@purevolume.com,22 Arapahoe Lane,Tucson,Arizona,85715
Irv,Dasent,idasent5f@apple.com,45 Farmco Parkway,Fort Lauderdale,Florida,33336
Alvin,Praundlin,apraundlin5g@edublogs.org,5 Pawling Road,Jersey City,New Jersey,07305
Mikel,Mengue,mmengue5h@alexa.com,45882 Corry Point,Visalia,California,93291
Valenka,Bann,vbann5i@omniture.com,955 International Junction,Albany,New York,12222
Daune,Allain,dallain5j@livejournal.com,05 Linden Drive,North Las Vegas,Nevada,89036
Misti,Oldroyde,moldroyde5k@columbia.edu,00 Delaware Terrace,Lexington,Kentucky,40524
Ernestus,Brightman,ebrightman5l@simplemachines.org,2112 Lakewood Gardens Road,Dayton,Ohio,45426
Flemming,Cursey,fcursey5m@topsy.com,589 Bay Crossing,Baton Rouge,Louisiana,70820
Jeanine,Worrall,jworrall5n@4shared.com,5 Sunfield Way,El Paso,Texas,88541
Deerdre,Ferrarini,dferrarini5o@tripod.com,0 Onsgard Court,Pittsburgh,Pennsylvania,15240
Gannon,Allsobrook,gallsobrook5p@nationalgeographic.com,94893 Summerview Alley,Lynchburg,Virginia,24515
Johny,Guerrero,jguerrero5q@redcross.org,81022 Moulton Lane,South Bend,Indiana,46699
Pat,Mouat,pmouat5r@imdb.com,534 Golf Course Way,Virginia Beach,Virginia,23454
Sutton,Spelman,sspelman5s@java.com,0963 Vernon Pass,Tulsa,Oklahoma,74149
Bradford,Etheredge,betheredge5t@xing.com,8864 Tennessee Terrace,Hollywood,Florida,33028
Orin,Kleinbaum,okleinbaum5u@drupal.org,03823 Superior Alley,Minneapolis,Minnesota,55480
Nelia,Cartmale,ncartmale5v@phoca.cz,83633 Evergreen Parkway,Houston,Texas,77025
Gypsy,Corradi,gcorradi5w@ifeng.com,66 Lakeland Plaza,Garland,Texas,75049
Fernande,Langford,flangford5x@usda.gov,1158 Prairieview Road,Honolulu,Hawaii,96810
Em,Stoner,estoner5y@so-net.ne.jp,648 Lakeland Drive,Denver,Colorado,80223
Emmalyn,Jakeway,ejakeway5z@noaa.gov,333 Springview Junction,Orlando,Florida,32813
Reg,Deppen,rdeppen60@bing.com,25 Milwaukee Court,Houston,Texas,77060
Danny,Bagehot,dbagehot61@360.cn,3355 Reinke Terrace,Chicago,Illinois,60663
Mariana,Cotelard,mcotelard62@forbes.com,52950 Mallory Hill,Herndon,Virginia,22070
Hugibert,Brouwer,hbrouwer63@mail.ru,068 Meadow Ridge Junction,Washington,District of Columbia,20088
Merilyn,Benns,mbenns64@dot.gov,7005 Trailsway Terrace,Montpelier,Vermont,05609
Pattie,Lodden,plodden65@taobao.com,8 Johnson Hill,Chicago,Illinois,60619
Regen,Melsome,rmelsome66@shareasale.com,8576 Mcbride Terrace,Portland,Oregon,97211
Timoteo,Everly,teverly67@oakley.com,6 Crowley Park,Houston,Texas,77250
Guthrey,Marty,gmarty68@histats.com,810 Golden Leaf Street,Birmingham,Alabama,35290
Erik,Swanborough,eswanborough69@networksolutions.com,206 Saint Paul Point,Atlanta,Georgia,30358
Putnam,Slixby,pslixby6a@sciencedaily.com,878 Spohn Court,Charleston,South Carolina,29403
Mortie,Catcherside,mcatcherside6b@blinklist.com,0850 Spaight Hill,Denver,Colorado,80228
Faber,Mitkin,fmitkin6c@g.co,963 Ilene Parkway,Pittsburgh,Pennsylvania,15240
Manfred,Dudbridge,mdudbridge6d@mayoclinic.com,5684 Summerview Trail,Detroit,Michigan,48232
Nikoletta,Whorlton,nwhorlton6e@upenn.edu,481 Atwood Junction,Gilbert,Arizona,85297
Tressa,Foxten,tfoxten6f@yolasite.com,1 Farmco Avenue,Birmingham,Alabama,35285
Simonne,Bartell,sbartell6g@cmu.edu,952 Miller Terrace,Wilmington,Delaware,19805
Dex,Sparkes,dsparkes6h@kickstarter.com,88526 Toban Parkway,Fort Worth,Texas,76134
Cariotta,Murrigans,cmurrigans6i@symantec.com,379 Mendota Street,Monticello,Minnesota,55565
Waring,Steabler,wsteabler6j@youku.com,042 Green Parkway,New York City,New York,10019
Dianna,Talbot,dtalbot6k@nsw.gov.au,75427 Sage Junction,Brea,California,92822
George,MacMeekan,gmacmeekan6l@fotki.com,58 Comanche Junction,Salt Lake City,Utah,84125
Lynnett,Elwood,lelwood6m@opensource.org,459 Haas Lane,Las Vegas,Nevada,89135
Urbain,Fyldes,ufyldes6n@va.gov,96 Warner Lane,Irvine,California,92619
Riane,Bixley,rbixley6o@e-recht24.de,6794 Hansons Circle,El Paso,Texas,88546
Horton,Bordman,hbordman6p@cnet.com,54 Grayhawk Point,Topeka,Kansas,66606
Wilow,Suff,wsuff6q@china.com.cn,247 Mcbride Hill,Dallas,Texas,75265
Maryjo,Beston,mbeston6r@cnbc.com,75721 Pierstorff Pass,Dallas,Texas,75367
Sander,Chisnall,schisnall6s@un.org,8 Oak Valley Circle,Rochester,Minnesota,55905
Opaline,Sale,osale6t@behance.net,218 Anthes Alley,Dallas,Texas,75353
Camella,Nappin,cnappin6u@nytimes.com,8271 Surrey Parkway,Long Beach,California,90847
Elbertina,Maceur,emaceur6v@nih.gov,4995 Sage Pass,Tampa,Florida,33694
Randolf,Cattle,rcattle6w@dot.gov,32480 Myrtle Plaza,Orlando,Florida,32891
Matti,Beadel,mbeadel6x@discovery.com,2448 Scott Point,Houston,Texas,77040
Paquito,Merrilees,pmerrilees6y@ucoz.ru,720 Fallview Crossing,Bradenton,Florida,34210
Virgie,Pattesall,vpattesall6z@t.co,36819 Farmco Terrace,Arvada,Colorado,80005
Kimberly,Vinten,kvinten70@google.es,8 Center Way,Atlanta,Georgia,31165
Marina,Fiddyment,mfiddyment71@instagram.com,1 Cottonwood Point,Boston,Massachusetts,02119
Titus,Licari,tlicari72@addtoany.com,941 Clarendon Crossing,Arlington,Texas,76016
Colet,Matzkaitis,cmatzkaitis73@google.pl,374 Jay Circle,El Paso,Texas,79928
Carline,Chate,cchate74@amazon.com,0991 Sunbrook Court,Oakland,California,94622
Katie,Fawdry,kfawdry75@house.gov,107 Doe Crossing Alley,Modesto,California,95397
Moises,McLemon,mmclemon76@soundcloud.com,24681 Waubesa Alley,Oklahoma City,Oklahoma,73152
Melany,Lutwyche,mlutwyche77@shareasale.com,540 Algoma Avenue,Young America,Minnesota,55564
Payton,Guiso,pguiso78@boston.com,805 Mitchell Pass,Dayton,Ohio,45414
Syman,Onraet,sonraet79@cocolog-nifty.com,94 Donald Trail,Daytona Beach,Florida,32118
Louis,Landsberg,llandsberg7a@dailymotion.com,51113 Knutson Point,Springfield,Illinois,62776
Bob,Petkov,bpetkov7b@zdnet.com,835 Russell Court,Fort Smith,Arkansas,72905
Lammond,Berringer,lberringer7c@stumbleupon.com,6137 Knutson Road,Fort Lauderdale,Florida,33325
Cheslie,Jouannisson,cjouannisson7d@imageshack.us,833 Moland Center,Cincinnati,Ohio,45203
Delilah,Leadbetter,dleadbetter7e@vistaprint.com,85 Charing Cross Court,Houston,Texas,77035
Robin,Drees,rdrees7f@bloomberg.com,69 Debs Center,Sacramento,California,95865
Steffane,Millea,smillea7g@over-blog.com,87324 Starling Trail,Washington,District of Columbia,20205
Pearce,Gillimgham,pgillimgham7h@slate.com,7064 Nova Point,Champaign,Illinois,61825
Latisha,Slavin,lslavin7i@si.edu,0046 Gerald Alley,Katy,Texas,77493
Roosevelt,Foot,rfoot7j@independent.co.uk,958 Upham Park,Brooksville,Florida,34605
Agretha,Shoveller,ashoveller7k@baidu.com,95 Colorado Court,Tucson,Arizona,85720
Isacco,Cunniff,icunniff7l@unesco.org,54 Armistice Park,Portland,Oregon,97221
Urbanus,Dumpleton,udumpleton7m@infoseek.co.jp,87899 Bonner Junction,Gaithersburg,Maryland,20883
Ediva,Troillet,etroillet7n@flickr.com,80103 Rusk Hill,Springfield,Missouri,65898
Ivory,Sacchetti,isacchetti7o@google.com.au,50 Del Sol Pass,Olympia,Washington,98516
Elihu,Tetsall,etetsall7p@dyndns.org,83750 Onsgard Road,Albany,New York,12222
Yelena,Trusse,ytrusse7q@nbcnews.com,9072 Park Meadow Pass,Sacramento,California,95838
Rodolphe,Galero,rgalero7r@tinypic.com,43 Dixon Avenue,Dallas,Texas,75251
Doreen,Rosenfield,drosenfield7s@ft.com,7532 Susan Junction,Miami,Florida,33261
Cathe,Saynor,csaynor7t@ehow.com,64945 Lyons Circle,Orlando,Florida,32808
Ric,Rosendorf,rrosendorf7u@blogger.com,6142 Browning Lane,Albany,New York,12262
Sheri,Diamant,sdiamant7v@a8.net,64307 Chinook Street,New Orleans,Louisiana,70179
Dannye,Vedekhin,dvedekhin7w@netscape.com,8 Fisk Place,Albany,New York,12242
Maurits,Ruffli,mruffli7x@sina.com.cn,2 Pierstorff Center,Washington,District of Columbia,20409
Thalia,Sprouls,tsprouls7y@vimeo.com,01229 Kensington Court,Madison,Wisconsin,53779
Leontyne,Sendall,lsendall7z@europa.eu,79 Riverside Court,Albany,New York,12255
Gus,Dunbleton,gdunbleton80@etsy.com,05551 Longview Center,Washington,District of Columbia,20041
Kyrstin,Loyns,kloyns81@si.edu,35069 Grim Circle,Baltimore,Maryland,21229
Katerine,Beckley,kbeckley82@harvard.edu,22281 Little Fleur Court,Garland,Texas,75049
Felizio,Lancley,flancley83@creativecommons.org,62291 Cardinal Pass,Cleveland,Ohio,44111
Buiron,Flanagan,bflanagan84@photobucket.com,524 Del Sol Avenue,Honolulu,Hawaii,96840
Nonna,Calendar,ncalendar85@opensource.org,04340 Lukken Way,San Diego,California,92160
Harlie,Maughan,hmaughan86@opensource.org,61946 Orin Drive,Chicago,Illinois,60652
Merrel,Epps,mepps87@uiuc.edu,1793 Luster Drive,Fort Worth,Texas,76162
Crista,Reading,creading88@google.com.hk,8439 Gulseth Point,Richmond,Virginia,23237
Annecorinne,Chalcraft,achalcraft89@lulu.com,747 Swallow Pass,Washington,District of Columbia,20041
Abbe,Simkin,asimkin8a@storify.com,6413 Basil Plaza,Oklahoma City,Oklahoma,73197
Essa,Woolland,ewoolland8b@tripadvisor.com,1 Nelson Drive,Tucson,Arizona,85743
Mona,Bouzan,mbouzan8c@bbc.co.uk,166 Kropf Center,Tuscaloosa,Alabama,35487
Edik,Fayerman,efayerman8d@1und1.de,5 High Crossing Way,Lexington,Kentucky,40505
Fiann,Kummerlowe,fkummerlowe8e@alibaba.com,6741 Express Place,Pueblo,Colorado,81015
Julia,Carmo,jcarmo8f@cnbc.com,39431 Russell Pass,Cincinnati,Ohio,45233
Rudy,Lude,rlude8g@ft.com,4 Barnett Way,Shreveport,Louisiana,71161
Fenelia,Buswell,fbuswell8h@unicef.org,45 Lakeland Terrace,Virginia Beach,Virginia,23471
Ariel,Jervoise,ajervoise8i@latimes.com,55 Bartelt Street,Naples,Florida,33963
Sonnnie,Karlolak,skarlolak8j@ow.ly,0311 Mariners Cove Park,Saint Paul,Minnesota,55127
Scarlett,Wroth,swroth8k@reuters.com,09721 Sutteridge Place,Akron,Ohio,44305
Pammi,Tretwell,ptretwell8l@jiathis.com,337 Pankratz Junction,Boston,Massachusetts,02104
Marigold,McVicker,mmcvicker8m@arstechnica.com,598 John Wall Center,Tacoma,Washington,98405
Nataline,Drever,ndrever8n@freewebs.com,98 Pepper Wood Street,Macon,Georgia,31210
Marieann,Shortell,mshortell8o@shareasale.com,745 Aberg Terrace,Roanoke,Virginia,24034
Blake,Uc,buc8p@howstuffworks.com,49047 Ludington Court,Kansas City,Kansas,66105
Brenda,Swan,bswan8q@vk.com,7803 Eastwood Place,Austin,Texas,78732
Frannie,Greenhouse,fgreenhouse8r@studiopress.com,53613 Judy Trail,Portland,Oregon,97229
Noe,Drane,ndrane8s@foxnews.com,0167 Blackbird Hill,Wichita,Kansas,67220
Terrill,Follacaro,tfollacaro8t@bluehost.com,4 Tennessee Crossing,New York City,New York,10029
Wileen,Glasspool,wglasspool8u@mapquest.com,25471 Schlimgen Avenue,Pocatello,Idaho,83206
Odelia,Fabler,ofabler8v@about.com,4253 Ramsey Circle,Los Angeles,California,90005
Abagael,Pabelik,apabelik8w@google.fr,53212 Farragut Crossing,Los Angeles,California,90005
Ed,Chaddock,echaddock8x@bluehost.com,81 Sloan Circle,Phoenix,Arizona,85062
Jacinta,Briar,jbriar8y@themeforest.net,8401 John Wall Court,Des Moines,Iowa,50981
Rip,Circuitt,rcircuitt8z@yandex.ru,344 Schurz Hill,Pompano Beach,Florida,33069
Candi,Chaff,cchaff90@seesaa.net,66910 Upham Point,Dallas,Texas,75379
Robinson,Ridett,rridett91@tmall.com,97 Clemons Pass,Philadelphia,Pennsylvania,19115
Trixi,Ricco,tricco92@e-recht24.de,382 Westport Junction,Kansas City,Missouri,64109
Maye,O'Hannay,mohannay93@photobucket.com,56019 Corry Street,Wichita,Kansas,67205
Vally,Sinnatt,vsinnatt94@zdnet.com,01 Bonner Drive,Orlando,Florida,32859
Reid,Domsalla,rdomsalla95@wsj.com,8421 American Ash Street,Fresno,California,93704
Trent,Backes,tbackes96@delicious.com,2260 Spaight Place,Dallas,Texas,75342
Raleigh,Winslade,rwinslade97@discuz.net,04744 Fuller Circle,Arlington,Texas,76096
Basilius,Sharrock,bsharrock98@nymag.com,83928 Sundown Pass,Fort Lauderdale,Florida,33320
Rora,Manicom,rmanicom99@psu.edu,3364 Buhler Trail,Fort Wayne,Indiana,46852
Noella,Claffey,nclaffey9a@google.fr,30606 Lukken Trail,Lexington,Kentucky,40586
Meta,Bucknall,mbucknall9b@nifty.com,329 Shopko Circle,Minneapolis,Minnesota,55407
Alika,Swindin,aswindin9c@mozilla.com,424 Corben Avenue,Richmond,California,94807
Florinda,Korting,fkorting9d@parallels.com,55300 Lunder Trail,Wichita,Kansas,67215
Dene,Rudd,drudd9e@creativecommons.org,9916 Basil Hill,Washington,District of Columbia,20436
Orion,Donaghy,odonaghy9f@yelp.com,1 Warbler Road,Albuquerque,New Mexico,87190
Anatola,Dennick,adennick9g@comcast.net,3337 Corscot Park,Knoxville,Tennessee,37939
Natividad,Brugmann,nbrugmann9h@technorati.com,270 Shopko Street,Fullerton,California,92640
Nathalie,De Bruijn,ndebruijn9i@engadget.com,61 Menomonie Terrace,Troy,Michigan,48098
Woodrow,Longega,wlongega9j@gmpg.org,9 Mallard Road,Fort Pierce,Florida,34949
James,Volet,jvolet9k@mediafire.com,0 Ryan Crossing,Bradenton,Florida,34210
Homere,Bollini,hbollini9l@ucoz.com,012 Novick Trail,San Antonio,Texas,78285
Kippie,Mamwell,kmamwell9m@umn.edu,008 5th Street,Kansas City,Missouri,64187
Lizbeth,Lohde,llohde9n@ucoz.com,5645 Moose Junction,Newport News,Virginia,23612
Sully,Kahan,skahan9o@exblog.jp,42 8th Plaza,Bismarck,North Dakota,58505
Joya,Kirstein,jkirstein9p@prnewswire.com,787 Kings Court,Washington,District of Columbia,20380
Correy,Rush,crush9q@bloglines.com,01 Mockingbird Hill,Jacksonville,Florida,32259
Alvira,Seed,aseed9r@state.gov,54794 Butterfield Trail,Monticello,Minnesota,55590
Aubrie,Carmel,acarmel9s@yandex.ru,9 Gateway Drive,Little Rock,Arkansas,72222
Abbie,MacTrustam,amactrustam9t@symantec.com,6544 Eastwood Pass,Minneapolis,Minnesota,55480
Cristian,Joan,cjoan9u@paypal.com,38033 Kipling Center,San Jose,California,95155
Ernesta,Cannavan,ecannavan9v@godaddy.com,9 Golf Course Park,Louisville,Kentucky,40256
Katlin,Tysall,ktysall9w@washington.edu,6 Steensland Circle,Bloomington,Illinois,61709
Dusty,Rubinowicz,drubinowicz9x@soundcloud.com,23776 Corben Lane,San Diego,California,92191
Kerry,Rodrigues,krodrigues9y@shareasale.com,46 Mesta Road,Naples,Florida,34108
Eustace,Gillespey,egillespey9z@cisco.com,2521 Dorton Point,Saint Augustine,Florida,32092
Burty,Greenroa,bgreenroaa0@joomla.org,2885 Center Terrace,Chicago,Illinois,60636
Parker,McGawn,pmcgawna1@hao123.com,4549 Transport Plaza,Santa Clara,California,95054
Keir,Cheetam,kcheetama2@vistaprint.com,8 Jackson Road,Austin,Texas,78703
Tremain,Moye,tmoyea3@dot.gov,9 Village Pass,Brooklyn,New York,11215
Geri,Phear,gpheara4@mashable.com,5 Trailsway Street,New York City,New York,10004
Frasier,Staker,fstakera5@xing.com,87 Evergreen Hill,Newark,New Jersey,07195
Sharon,McCaughran,smccaughrana6@istockphoto.com,41 Brentwood Way,York,Pennsylvania,17405
Cobbie,Fahy,cfahya7@devhub.com,51595 Columbus Park,Grand Rapids,Michigan,49510
Rebe,Pringer,rpringera8@mozilla.com,921 Huxley Crossing,Marietta,Georgia,30061
Thaddus,Gamlyn,tgamlyna9@fc2.com,9 Messerschmidt Street,Oklahoma City,Oklahoma,73104
Dominick,Kermitt,dkermittaa@paginegialle.it,1 Northport Lane,Van Nuys,California,91411
Georgy,Grief,ggriefab@ucoz.ru,4358 Eggendart Trail,Muncie,Indiana,47306
Shayne,Spondley,sspondleyac@samsung.com,6253 Lawn Alley,Milwaukee,Wisconsin,53225
Maritsa,Tinklin,mtinklinad@rambler.ru,79951 Mandrake Hill,Savannah,Georgia,31422
Amery,Taffe,ataffeae@hc360.com,7 South Trail,Denver,Colorado,80255
Bunnie,Broz,bbrozaf@t-online.de,187 Iowa Place,San Diego,California,92110
Phineas,Oats,poatsag@go.com,937 Westport Lane,Modesto,California,95354
Patty,Burree,pburreeah@fastcompany.com,70 Ronald Regan Street,Raleigh,North Carolina,27626
Leo,Curd,lcurdai@statcounter.com,0977 Anhalt Hill,Beaufort,South Carolina,29905
Clarie,Reuven,creuvenaj@tamu.edu,9354 1st Crossing,Anchorage,Alaska,99507
Nikki,Coe,ncoeak@loc.gov,195 Packers Place,Orlando,Florida,32819
Haze,Manners,hmannersal@auda.org.au,763 Lawn Place,Wichita Falls,Texas,76305
Kennett,Jambrozek,kjambrozekam@va.gov,33 Tennyson Street,Bronx,New York,10454
Marybeth,Stanex,mstanexan@dailymotion.com,3 Jenifer Center,Lubbock,Texas,79410
Deane,Gutch,dgutchao@yahoo.com,4 Granby Center,Pasadena,California,91199
Lory,Satterlee,lsatterleeap@accuweather.com,8 Sommers Junction,Las Vegas,Nevada,89110
Freddie,Stares,fstaresaq@mozilla.org,13 Upham Street,Saint Paul,Minnesota,55108
Christiane,Fancutt,cfancuttar@engadget.com,53076 Di Loreto Place,Buffalo,New York,14215
Meir,Pelman,mpelmanas@so-net.ne.jp,7 Oak Valley Way,Albuquerque,New Mexico,87121
Marget,Lockier,mlockierat@t-online.de,8510 American Place,Memphis,Tennessee,38104
Keefe,Gush,kgushau@cnn.com,6 Rigney Crossing,Raleigh,North Carolina,27690
Dorrie,Dumini,dduminiav@sciencedaily.com,6 Darwin Pass,San Diego,California,92170
Leonora,O'Calleran,localleranaw@bloglines.com,75334 Morning Pass,Dallas,Texas,75251
Loreen,Emmet,lemmetax@about.me,8678 Caliangt Parkway,New York City,New York,10280
Dewitt,Sibley,dsibleyay@businessinsider.com,38 Warbler Place,Spokane,Washington,99215
Tony,MacGorman,tmacgormanaz@paginegialle.it,31 Oak Lane,Lakewood,Washington,98498
Ulla,Stannas,ustannasb0@berkeley.edu,60 Prairie Rose Street,Punta Gorda,Florida,33982
Lyndsay,Wisher,lwisherb1@edublogs.org,3 Brickson Park Place,Saginaw,Michigan,48604
Quinn,Frankton,qfranktonb2@cyberchimps.com,970 Crownhardt Parkway,Oakland,California,94616
Merralee,Nutkin,mnutkinb3@walmart.com,411 Loftsgordon Trail,Boulder,Colorado,80328
Winny,Antham,wanthamb4@ebay.co.uk,139 Annamark Hill,Tulsa,Oklahoma,74141
Richy,Shellibeer,rshellibeerb5@usda.gov,168 Eastlawn Crossing,Albany,New York,12222
Leila,Clapham,lclaphamb6@nhs.uk,07486 Grayhawk Terrace,Cleveland,Ohio,44191
Jammie,Corneck,jcorneckb7@prnewswire.com,6211 Division Drive,New York City,New York,10203
Michele,Escreet,mescreetb8@godaddy.com,4967 Comanche Road,Des Moines,Iowa,50305
Noellyn,Pendre,npendreb9@de.vu,70990 Northwestern Point,Inglewood,California,90305
Stillman,Siward,ssiwardba@tumblr.com,3587 Charing Cross Terrace,Galveston,Texas,77554
Daryl,Smeeth,dsmeethbb@blogs.com,72544 Declaration Circle,Wichita Falls,Texas,76310
Gerhard,Henriques,ghenriquesbc@seesaa.net,733 Oakridge Terrace,Champaign,Illinois,61825
Webb,Dmitr,wdmitrbd@ted.com,8720 Di Loreto Junction,Pensacola,Florida,32526
Glori,Corse,gcorsebe@adobe.com,8 Havey Hill,Houston,Texas,77266
Marne,Brea,mbreabf@livejournal.com,34550 Derek Parkway,San Antonio,Texas,78230
Ally,Gayter,agayterbg@nyu.edu,9304 Darwin Drive,Mobile,Alabama,36628
Marcellus,Dobbson,mdobbsonbh@people.com.cn,1 Surrey Circle,Charlotte,North Carolina,28247
Kylynn,Bewlay,kbewlaybi@multiply.com,2 Merry Circle,Pasadena,California,91117
Rosalind,Shambrook,rshambrookbj@newyorker.com,77412 Elka Point,Fort Wayne,Indiana,46825
Camilla,Barrows,cbarrowsbk@whitehouse.gov,553 Northport Trail,Greenville,South Carolina,29615
Andras,Dotterill,adotterillbl@nydailynews.com,2 Gulseth Crossing,Fredericksburg,Virginia,22405
Shayne,Whitlam,swhitlambm@edublogs.org,09 Debra Alley,Durham,North Carolina,27710
Di,Cato,dcatobn@toplist.cz,44 Kensington Lane,Salt Lake City,Utah,84135
Hortense,Threlfall,hthrelfallbo@baidu.com,6663 Toban Parkway,Birmingham,Alabama,35210
Pace,Redit,preditbp@constantcontact.com,41 American Ash Lane,Santa Barbara,California,93150
Caty,De Bruin,cdebruinbq@rambler.ru,65 Londonderry Way,Sioux City,Iowa,51105
Shepherd,Barling,sbarlingbr@ehow.com,7378 Prairieview Alley,Oklahoma City,Oklahoma,73114
Chicky,Gallamore,cgallamorebs@arstechnica.com,2 Schmedeman Point,Washington,District of Columbia,20525
Meggi,Cockshott,mcockshottbt@soundcloud.com,28 Sunnyside Park,Indianapolis,Indiana,46239
Aviva,Waistell,awaistellbu@themeforest.net,8960 Forest Dale Alley,Kansas City,Missouri,64179
Cross,McBayne,cmcbaynebv@trellian.com,4 Kings Street,Frederick,Maryland,21705
Jobye,Coveley,jcoveleybw@forbes.com,97061 Garrison Circle,Peoria,Illinois,61629
Lira,Jendrach,ljendrachbx@over-blog.com,79514 Rieder Circle,Long Beach,California,90810
Thoma,Edgeler,tedgelerby@thetimes.co.uk,6 Kropf Pass,Cincinnati,Ohio,45228
Arturo,Hegarty,ahegartybz@washington.edu,644 School Street,Houston,Texas,77010
Lezlie,Pohlak,lpohlakc0@youku.com,86898 Westend Hill,El Paso,Texas,88584
Cornall,McGillreich,cmcgillreichc1@bbb.org,0 Vermont Way,Fort Lauderdale,Florida,33345
Gene,Lambis,glambisc2@nymag.com,0 Cottonwood Hill,New York City,New York,10131
Jeremie,Blacksell,jblacksellc3@google.co.jp,7703 Dakota Lane,Concord,California,94522
Marlee,Korneluk,mkornelukc4@yolasite.com,91 Ridgeway Place,Akron,Ohio,44315
Christoffer,Braferton,cbrafertonc5@instagram.com,03532 Portage Crossing,Charleston,West Virginia,25313
Guy,Dalton,gdaltonc6@nytimes.com,6351 Sommers Junction,Tuscaloosa,Alabama,35405
Cherrita,Padillo,cpadilloc7@amazon.co.uk,4131 Laurel Junction,Atlanta,Georgia,30301
Dilly,Songhurst,dsonghurstc8@wufoo.com,51 Sauthoff Pass,Washington,District of Columbia,20575
Osgood,Pipping,opippingc9@cnbc.com,9 Sherman Trail,Madison,Wisconsin,53716
Krystyna,VanBrugh,kvanbrughca@noaa.gov,5932 Graedel Pass,Orlando,Florida,32803
Maegan,Macknish,mmacknishcb@independent.co.uk,3875 East Center,Kansas City,Missouri,64160
Elora,Jerrolt,ejerroltcc@ca.gov,570 Rockefeller Crossing,Oklahoma City,Oklahoma,73104
Haley,Floyde,hfloydecd@live.com,06 Helena Lane,San Mateo,California,94405
Thalia,Fitchew,tfitchewce@zdnet.com,2836 8th Park,Omaha,Nebraska,68117
Urbain,Bilborough,ubilboroughcf@studiopress.com,06129 Dunning Lane,Tacoma,Washington,98442
Read,Gaffon,rgaffoncg@telegraph.co.uk,105 Sunnyside Court,San Jose,California,95173
Cordy,Sweetlove,csweetlovech@eventbrite.com,44 Sauthoff Plaza,Birmingham,Alabama,35244
Bale,Fyndon,bfyndonci@latimes.com,953 Fairfield Hill,Jacksonville,Florida,32277
Brook,Leitche,bleitchecj@etsy.com,08095 Del Sol Parkway,Houston,Texas,77234
Emelyne,Records,erecordsck@hhs.gov,527 Portage Trail,Spring,Texas,77388
Goldie,Groucutt,ggroucuttcl@cbc.ca,91 Mayfield Avenue,Albany,New York,12227
Glyn,Bartczak,gbartczakcm@abc.net.au,74613 Pawling Alley,Conroe,Texas,77305
Luisa,Troop,ltroopcn@webnode.com,2 Grover Place,Charleston,West Virginia,25321
Tani,Mettericke,tmetterickeco@harvard.edu,7175 Pleasure Place,San Francisco,California,94116
Ric,Dalyell,rdalyellcp@dedecms.com,2290 Rigney Place,Washington,District of Columbia,56944
Cordell,Spadotto,cspadottocq@twitpic.com,48305 Gale Pass,Anaheim,California,92805
Casie,Soigne,csoignecr@dailymotion.com,207 Jackson Road,Wichita,Kansas,67230
Dorry,Enright,denrightcs@github.com,6955 Myrtle Parkway,Sarasota,Florida,34276
Izaak,Bending,ibendingct@list-manage.com,39 Commercial Drive,New York City,New York,10292
Esme,Brea,ebreacu@dmoz.org,6625 Cody Place,Inglewood,California,90305
Page,Jorin,pjorincv@illinois.edu,0805 Welch Way,Young America,Minnesota,55551
Catlin,Lantiff,clantiffcw@nydailynews.com,04204 Hintze Trail,San Antonio,Texas,78225
Gladys,Bridges,gbridgescx@aol.com,03 Summer Ridge Way,Austin,Texas,78749
Mata,Jeroch,mjerochcy@nationalgeographic.com,04 Loftsgordon Lane,Ogden,Utah,84409
Nomi,Curtiss,ncurtisscz@amazon.co.jp,0 Shopko Plaza,Kalamazoo,Michigan,49006
Rurik,Monk,rmonkd0@is.gd,7802 Luster Center,San Francisco,California,94105
Remus,Gallanders,rgallandersd1@house.gov,4592 Logan Hill,Wilmington,North Carolina,28410
Corly,Doble,cdobled2@marriott.com,28 Hooker Center,Portland,Oregon,97201
Ianthe,Colyer,icolyerd3@time.com,7735 Anderson Junction,Houston,Texas,77070
Kinnie,Coniff,kconiffd4@ning.com,812 Lillian Terrace,Baltimore,Maryland,21211
Olivie,Liverock,oliverockd5@nih.gov,375 Vidon Terrace,El Paso,Texas,79916
Jacynth,O'Dunniom,jodunniomd6@statcounter.com,3 Fisk Court,Waterbury,Connecticut,06726
Tobe,Mougeot,tmougeotd7@seattletimes.com,9940 Dexter Place,Duluth,Georgia,30096
Merle,De Maria,mdemariad8@ucla.edu,293 Sullivan Crossing,Philadelphia,Pennsylvania,19184
Elissa,Hrus,ehrusd9@weebly.com,19657 Manley Hill,Sacramento,California,94263
Christyna,Dechelette,cdecheletteda@adobe.com,8406 Nova Lane,Durham,North Carolina,27717
Gerty,Devereu,gdevereudb@pagesperso-orange.fr,38546 Bowman Alley,Fort Lauderdale,Florida,33330
Travis,Cranstone,tcranstonedc@newsvine.com,61917 Arkansas Junction,Louisville,Kentucky,40250
Mackenzie,Francomb,mfrancombdd@scribd.com,076 Katie Drive,Baton Rouge,Louisiana,70894
Yurik,Scholfield,yscholfieldde@disqus.com,24048 Warrior Terrace,Wichita,Kansas,67215
Dyanna,Bowes,dbowesdf@rakuten.co.jp,91 Hagan Road,Shawnee Mission,Kansas,66286
Marline,Bocock,mbocockdg@comsenz.com,07653 Logan Crossing,Richmond,Virginia,23289
Gayel,O'Connell,goconnelldh@last.fm,35 Sutteridge Trail,El Paso,Texas,79955
Shep,Gostage,sgostagedi@ihg.com,22777 Park Meadow Court,Minneapolis,Minnesota,55423
Roxi,Pardi,rpardidj@netscape.com,4290 Brentwood Hill,Bowie,Maryland,20719
Eustacia,Beards,ebeardsdk@posterous.com,9 Vera Junction,New York City,New York,10115
Caria,Hryniewicz,chryniewiczdl@eepurl.com,71270 Stang Circle,Clearwater,Florida,34620
Pru,Imlach,pimlachdm@yelp.com,558 Pierstorff Way,Washington,District of Columbia,20036
Benny,Poleye,bpoleyedn@ameblo.jp,314 Alpine Drive,Melbourne,Florida,32941
Bambi,Triner,btrinerdo@goodreads.com,293 Buhler Way,New Castle,Pennsylvania,16107
Christopher,Whetnell,cwhetnelldp@sitemeter.com,229 Karstens Place,Seattle,Washington,98133
Carolann,Klisch,cklischdq@fotki.com,617 Rockefeller Road,Tampa,Florida,33673
Meta,Hatwells,mhatwellsdr@prweb.com,0 Heath Center,Honolulu,Hawaii,96850
Jaquelin,Tapton,jtaptonds@about.me,3136 Vermont Avenue,Saint Joseph,Missouri,64504
Emmerich,Gooch,egoochdt@elegantthemes.com,22512 Nelson Junction,Washington,District of Columbia,20226
Avis,Canty,acantydu@who.int,5646 Farmco Way,Kansas City,Missouri,64144
Gottfried,Kalewe,gkalewedv@earthlink.net,6 Alpine Alley,New York City,New York,10270
Danny,Bonass,dbonassdw@elegantthemes.com,12512 Dunning Court,Tacoma,Washington,98442
Ann,Eckly,aecklydx@ox.ac.uk,06 Fallview Lane,Anderson,Indiana,46015
Janel,Copestick,jcopestickdy@epa.gov,23678 Arkansas Park,Port Washington,New York,11054
Aggi,De Fries,adefriesdz@lycos.com,49558 Buell Terrace,Washington,District of Columbia,20337
Melinde,McKeighan,mmckeighane0@bbc.co.uk,0918 Stoughton Crossing,Albany,New York,12247
Willis,Lucock,wlucocke1@example.com,2 Charing Cross Court,Orlando,Florida,32830
Alfie,Greggor,agreggore2@cdbaby.com,5999 Milwaukee Plaza,Topeka,Kansas,66611
Freddy,Kintish,fkintishe3@elegantthemes.com,9936 Butternut Terrace,Jacksonville,Florida,32259
Dido,Clemmitt,dclemmitte4@altervista.org,43093 Hanover Street,Waco,Texas,76711
Glennie,Durno,gdurnoe5@tripadvisor.com,92699 Butternut Junction,Jacksonville,Florida,32204
Anthe,Morden,amordene6@npr.org,69 Packers Lane,Houston,Texas,77025
Nelia,Knowlman,nknowlmane7@businesswire.com,7 Annamark Trail,Memphis,Tennessee,38197
Kristoffer,Giovannacci,kgiovannaccie8@reuters.com,699 American Ash Point,Chattanooga,Tennessee,37405
Danny,Mouland,dmoulande9@comcast.net,9 Brown Trail,Miami,Florida,33147
Eloisa,Simnor,esimnorea@pbs.org,64366 Riverside Terrace,San Francisco,California,94164
Nicole,Camblin,ncamblineb@google.com,1792 Nova Way,Las Vegas,Nevada,89110
Jeremias,Roots,jrootsec@house.gov,89 Birchwood Crossing,Roanoke,Virginia,24024
Benn,Assad,bassaded@altervista.org,58 Milwaukee Circle,Fresno,California,93721
Marty,Duncombe,mduncombeee@wordpress.org,08423 Green Ridge Place,Canton,Ohio,44720
Cari,Robert,crobertef@flickr.com,148 Kinsman Crossing,Pasadena,California,91199
Ursula,Georg,ugeorgeg@storify.com,70 Nevada Park,Louisville,Kentucky,40233
Kelila,Wellman,kwellmaneh@live.com,9531 Morrow Court,Tucson,Arizona,85720
Adora,Ballendine,aballendineei@soundcloud.com,62083 Hanson Pass,Sarasota,Florida,34276
Micki,Rault,mraultej@uol.com.br,546 Esker Pass,Sacramento,California,94250
Osmond,Chisnell,ochisnellek@gnu.org,94170 Autumn Leaf Junction,Champaign,Illinois,61825
Melvin,Jacques,mjacquesel@webnode.com,9992 Beilfuss Road,Monticello,Minnesota,55585
Giffy,Gorcke,ggorckeem@elegantthemes.com,4764 Welch Center,Greenville,South Carolina,29610
Loraine,Tungay,ltungayen@cdc.gov,36 Corben Trail,Richmond,Virginia,23293
Derry,Flynn,dflynneo@addthis.com,2 Roxbury Way,Tulsa,Oklahoma,74193
Mario,Ciardo,mciardoep@biglobe.ne.jp,99412 Portage Alley,Charlotte,North Carolina,28256
Chrissie,Darthe,cdartheeq@who.int,4075 Charing Cross Lane,Wichita,Kansas,67230
Helaine,Redwing,hredwinger@toplist.cz,99971 Hooker Circle,Milwaukee,Wisconsin,53263
Antonina,Hriinchenko,ahriinchenkoes@biglobe.ne.jp,12 Burrows Terrace,San Diego,California,92137
Morgan,Simenel,msimenelet@freewebs.com,828 Schmedeman Terrace,Clearwater,Florida,33758
Perl,Elgram,pelgrameu@google.pl,357 Dawn Terrace,Washington,District of Columbia,20503
Nicola,Reiners,nreinersev@techcrunch.com,8 Debs Point,Kansas City,Missouri,64101
Moss,Eardley,meardleyew@jugem.jp,2 Truax Drive,Corpus Christi,Texas,78475
Glory,Croose,gcrooseex@sciencedaily.com,1785 Farragut Trail,Houston,Texas,77020
Marcus,Batha,mbathaey@tuttocitta.it,2 Ludington Park,Houston,Texas,77085
Abelard,Borley,aborleyez@seesaa.net,199 Algoma Pass,Wilmington,North Carolina,28405
Casandra,Chavrin,cchavrinf0@mashable.com,6 Donald Court,Pensacola,Florida,32511
Dane,Thelwll,dthelwllf1@artisteer.com,16747 Schmedeman Way,San Jose,California,95150
Sherry,Petrelluzzi,spetrelluzzif2@wisc.edu,92 Kennedy Place,Orlando,Florida,32885
Leyla,Butterfield,lbutterfieldf3@creativecommons.org,6544 Homewood Plaza,Saint Louis,Missouri,63169
Johny,Radish,jradishf4@bloglines.com,438 Haas Parkway,Denver,Colorado,80209
Xylina,Durram,xdurramf5@blogger.com,5 Pierstorff Pass,Boston,Massachusetts,02114
Alejandrina,Beningfield,abeningfieldf6@indiatimes.com,47 Westend Place,Phoenix,Arizona,85025
Catha,Smaling,csmalingf7@nsw.gov.au,73 Holmberg Court,Saint Paul,Minnesota,55103
Pepillo,Ambrosio,pambrosiof8@skyrock.com,92 Bartelt Place,Saint Petersburg,Florida,33715
Aggie,Spere,asperef9@google.de,10152 Cordelia Trail,Fort Wayne,Indiana,46896
Napoleon,Pulhoster,npulhosterfa@tinyurl.com,6 Cherokee Plaza,Cedar Rapids,Iowa,52410
Marcela,Rewcassell,mrewcassellfb@edublogs.org,6 Heffernan Court,Philadelphia,Pennsylvania,19120
Norina,Lanfer,nlanferfc@google.com.hk,1338 Hallows Street,Sacramento,California,94297
Merl,Hamner,mhamnerfd@is.gd,52 Nobel Court,Norman,Oklahoma,73071
Emma,Ruck,eruckfe@yahoo.com,36389 Marcy Pass,Terre Haute,Indiana,47812
Ekaterina,Chill,echillff@walmart.com,5 Paget Parkway,Irving,Texas,75062
Rosabelle,Smails,rsmailsfg@europa.eu,534 Ohio Lane,Denver,Colorado,80235
Farah,Durrington,fdurringtonfh@dot.gov,56275 Hooker Hill,Young America,Minnesota,55551
Michelina,Steinhammer,msteinhammerfi@unc.edu,0 Russell Center,Decatur,Illinois,62525
Isadora,Woodings,iwoodingsfj@macromedia.com,91907 Shoshone Pass,Memphis,Tennessee,38181
Nealon,Strothers,nstrothersfk@i2i.jp,4533 Lawn Point,Orange,California,92862
Theda,Georgeson,tgeorgesonfl@homestead.com,09 Chive Court,Bakersfield,California,93311
Skipper,Dilkes,sdilkesfm@shareasale.com,223 Sutteridge Plaza,Savannah,Georgia,31405
Tobi,Pauler,tpaulerfn@ezinearticles.com,030 Almo Pass,Pittsburgh,Pennsylvania,15266
Tanney,Reeve,treevefo@soup.io,385 Lillian Point,Naples,Florida,34108
Helen-elizabeth,Maden,hmadenfp@fda.gov,6 Riverside Park,Raleigh,North Carolina,27605
Alphonse,Kitchingman,akitchingmanfq@pinterest.com,5 Maple Wood Junction,Fresno,California,93762
Shamus,Aleveque,salevequefr@bloomberg.com,527 Doe Crossing Way,Evansville,Indiana,47712
Zarah,Jozef,zjozeffs@businessweek.com,46852 North Avenue,Birmingham,Alabama,35244
Lissy,Greenman,lgreenmanft@nydailynews.com,110 Tony Park,Des Moines,Iowa,50981
Ramon,Dalgarnowch,rdalgarnowchfu@dell.com,2146 Corben Road,Dallas,Texas,75392
Alonso,Dishmon,adishmonfv@ehow.com,56903 Valley Edge Alley,Arlington,Virginia,22217
Stanislaus,Epelett,sepelettfw@google.de,2 Red Cloud Parkway,Petaluma,California,94975
Bari,Witson,bwitsonfx@blogtalkradio.com,2473 Fordem Road,Helena,Montana,59623
Darda,Farington,dfaringtonfy@apache.org,43886 East Lane,Jackson,Mississippi,39216
Mareah,Ayton,maytonfz@omniture.com,64437 Mccormick Court,Gadsden,Alabama,35905
Dun,Crosswaite,dcrosswaiteg0@macromedia.com,6069 Pleasure Drive,Nashville,Tennessee,37210
Kathe,Tucsell,ktucsellg1@microsoft.com,6 Annamark Circle,Winston Salem,North Carolina,27157
Juliann,Leacock,jleacockg2@exblog.jp,32453 Kensington Point,Dallas,Texas,75372
Theressa,Dalgliesh,tdalglieshg3@washington.edu,913 Hansons Road,Las Vegas,Nevada,89155
Kinsley,Hullin,khulling4@ameblo.jp,3 West Road,Stamford,Connecticut,06922
Hew,Cuerda,hcuerdag5@nps.gov,7 Magdeline Court,Fayetteville,North Carolina,28314
Dalston,Benny,dbennyg6@google.com,1 Fieldstone Plaza,Indianapolis,Indiana,46247
Alfi,Fullalove,afullaloveg7@gmpg.org,50964 Nevada Way,Pittsburgh,Pennsylvania,15255
Hubey,Grasner,hgrasnerg8@google.pl,7644 Center Parkway,Maple Plain,Minnesota,55572
Jarvis,Haruard,jharuardg9@sbwire.com,113 Melody Park,Syracuse,New York,13217
Yehudi,Benito,ybenitoga@so-net.ne.jp,4330 Tennessee Crossing,Largo,Florida,34643
Peyton,Colaco,pcolacogb@phpbb.com,191 Maryland Street,Phoenix,Arizona,85005
Parker,Sandells,psandellsgc@dailymail.co.uk,3 Bunting Parkway,Dallas,Texas,75246
Rikki,Jedraszczyk,rjedraszczykgd@loc.gov,0 Lawn Park,New York City,New York,10014
Dee dee,Huitson,dhuitsonge@usa.gov,850 Cascade Street,Austin,Texas,78703
Roley,Caldecot,rcaldecotgf@uiuc.edu,07598 Oneill Road,Bronx,New York,10469
Saundra,Salsbury,ssalsburygg@nasa.gov,7238 Bellgrove Junction,Grand Junction,Colorado,81505
Kathy,Humphery,khumpherygh@aol.com,39808 Pond Drive,Lake Worth,Florida,33462
Laurence,Lummasana,llummasanagi@cdbaby.com,79 Continental Plaza,Birmingham,Alabama,35290
Belita,Kenton,bkentongj@youtu.be,39 Menomonie Lane,Buffalo,New York,14220
Marcello,Murley,mmurleygk@pagesperso-orange.fr,48 Marcy Alley,Houston,Texas,77228
Myrwyn,Bantham,mbanthamgl@sourceforge.net,408 Iowa Point,Arvada,Colorado,80005
Dani,Bunton,dbuntongm@creativecommons.org,322 Steensland Trail,Washington,District of Columbia,20575
Liv,Gluyus,lgluyusgn@state.tx.us,17151 Corben Junction,Miami,Florida,33129
Olvan,Alkin,oalkingo@comcast.net,89879 Mifflin Place,Marietta,Georgia,30066
Patience,McGeoch,pmcgeochgp@soup.io,1087 Randy Point,New York City,New York,10131
Lucilia,Bredes,lbredesgq@taobao.com,73923 Corry Circle,Oakland,California,94611
Claiborn,Netherclift,cnethercliftgr@spiegel.de,2 Forest Center,Washington,District of Columbia,20299
Guillema,Skipsea,gskipseags@wired.com,919 Clove Alley,Memphis,Tennessee,38114
Ortensia,Sarath,osarathgt@ox.ac.uk,1951 Spenser Way,Philadelphia,Pennsylvania,19151
Roderick,Cumberledge,rcumberledgegu@liveinternet.ru,1 Gale Pass,Santa Barbara,California,93150
Kipp,Erbain,kerbaingv@ifeng.com,1 Parkside Way,Salt Lake City,Utah,84152
Ham,Garman,hgarmangw@cmu.edu,703 Northport Junction,Hialeah,Florida,33018
Thor,Wiffler,twifflergx@fastcompany.com,16026 Calypso Court,Tampa,Florida,33605
Catherine,Vallantine,cvallantinegy@simplemachines.org,11 Jenna Drive,Orlando,Florida,32868
Wood,Bransom,wbransomgz@drupal.org,86142 Saint Paul Trail,Austin,Texas,78754
Darleen,Flamank,dflamankh0@themeforest.net,11756 Knutson Drive,Tacoma,Washington,98417
Annamarie,Housen,ahousenh1@issuu.com,94626 Bonner Point,Las Vegas,Nevada,89160
Fin,Rickets,fricketsh2@dailymotion.com,0650 Emmet Alley,Detroit,Michigan,48217
Eduardo,Watterson,ewattersonh3@weebly.com,325 New Castle Court,Springfield,Missouri,65898
Fairleigh,Chrismas,fchrismash4@blinklist.com,92117 Wayridge Alley,New York City,New York,10170
Katlin,Semrad,ksemradh5@wordpress.com,17 Manitowish Court,Saint Cloud,Minnesota,56398
Joelie,Iacoboni,jiacobonih6@mayoclinic.com,1 Sommers Road,Baton Rouge,Louisiana,70894
Morgan,Amthor,mamthorh7@stanford.edu,298 Waywood Street,Boca Raton,Florida,33499
Gretel,Bolin,gbolinh8@nymag.com,9 Warbler Hill,San Francisco,California,94132
Hedvige,Rawkesby,hrawkesbyh9@seesaa.net,0134 Crescent Oaks Way,York,Pennsylvania,17405
Leland,Pudney,lpudneyha@amazonaws.com,2 Del Mar Crossing,Atlanta,Georgia,30340
Jonis,Hullyer,jhullyerhb@utexas.edu,243 Golden Leaf Place,Austin,Texas,78754
Stevy,McAlees,smcaleeshc@usgs.gov,758 Larry Trail,Bonita Springs,Florida,34135
Emlyn,Lendon,elendonhd@google.es,18797 Rieder Junction,Miami,Florida,33111
Idalina,Pogson,ipogsonhe@tinyurl.com,04 Thierer Avenue,Spokane,Washington,99260
Tracy,Sell,tsellhf@canalblog.com,1136 Arapahoe Circle,Riverside,California,92513
Ed,Farloe,efarloehg@dot.gov,9383 Mallard Center,Naples,Florida,34108
Berti,Jellett,bjelletthh@cmu.edu,5551 Mesta Center,Des Moines,Iowa,50347
Judith,Belin,jbelinhi@dailymotion.com,94073 Memorial Street,Elmira,New York,14905
Sindee,Beall,sbeallhj@census.gov,9696 Manitowish Drive,Greenville,South Carolina,29610
Stephi,Biford,sbifordhk@yale.edu,8595 Shasta Center,Portsmouth,Virginia,23705
Shayla,Manthroppe,smanthroppehl@tinyurl.com,535 Fuller Avenue,Las Vegas,Nevada,89120
Opaline,Bunny,obunnyhm@parallels.com,221 Lakewood Pass,Austin,Texas,78749
Berke,Aleksashin,baleksashinhn@nasa.gov,75 Corscot Point,Las Vegas,Nevada,89130
Aloysia,Grasha,agrashaho@cdbaby.com,7 Hollow Ridge Parkway,Oakland,California,94605
Kerianne,Selman,kselmanhp@shop-pro.jp,25 Daystar Court,Minneapolis,Minnesota,55407
Karie,Warbeys,kwarbeyshq@360.cn,627 International Trail,Chicago,Illinois,60652
Rosella,Meredith,rmeredithhr@netvibes.com,804 Forest Run Way,Washington,District of Columbia,20566
Gayler,Greatorex,ggreatorexhs@jimdo.com,7336 Red Cloud Place,Bradenton,Florida,34210
Fletcher,Jaqueminet,fjaqueminetht@examiner.com,43 Ilene Point,Schenectady,New York,12305
Lyndel,Janota,ljanotahu@wunderground.com,2091 Hansons Crossing,Silver Spring,Maryland,20918
Torrie,Prozescky,tprozesckyhv@goodreads.com,7518 Welch Point,Springfield,Illinois,62711
Rosemary,Matusevich,rmatusevichhw@wikispaces.com,61 Hallows Hill,Springfield,Missouri,65810
Cathrin,Woakes,cwoakeshx@istockphoto.com,1 Walton Park,Arlington,Virginia,22234
Donielle,Fydo,dfydohy@toplist.cz,6 Anthes Crossing,Escondido,California,92030
Ingrid,Gecke,igeckehz@cpanel.net,2690 Oak Valley Court,Danbury,Connecticut,06816
Dyanne,Edelmann,dedelmanni0@accuweather.com,98 Golf View Parkway,Oklahoma City,Oklahoma,73129
Dorita,Trousdale,dtrousdalei1@wsj.com,35 Corscot Avenue,Columbus,Ohio,43204
Marty,Costelloe,mcostelloei2@amazonaws.com,8 Upham Park,Chattanooga,Tennessee,37405
Vail,Pass,vpassi3@tamu.edu,49283 Arkansas Terrace,Odessa,Texas,79769
Delinda,Husk,dhuski4@infoseek.co.jp,394 Muir Lane,Manassas,Virginia,22111
Hirsch,Paliser,hpaliseri5@nymag.com,3 1st Point,Bloomington,Indiana,47405
Ara,Pawels,apawelsi6@bing.com,62 Michigan Road,Gatesville,Texas,76598
Milissent,Bagshawe,mbagshawei7@slate.com,1 Reinke Terrace,Longview,Texas,75605
Kaitlynn,Gipps,kgippsi8@1und1.de,3 Blaine Alley,Kalamazoo,Michigan,49048
Natividad,Hemstead,nhemsteadi9@cafepress.com,2635 Springview Way,New Orleans,Louisiana,70142
Rhoda,Doerren,rdoerrenia@uiuc.edu,78678 Westridge Way,San Luis Obispo,California,93407
Richmound,Di Batista,rdibatistaib@smugmug.com,4703 Delaware Plaza,Knoxville,Tennessee,37995
Thurstan,Redley,tredleyic@comcast.net,51761 Dakota Drive,York,Pennsylvania,17405
Annabelle,Perdue,aperdueid@huffingtonpost.com,564 Bartelt Pass,North Las Vegas,Nevada,89087
Adah,Brenard,abrenardie@qq.com,10 Fisk Avenue,Dallas,Texas,75372
Teena,Singyard,tsingyardif@washingtonpost.com,3 Portage Point,Chicago,Illinois,60619
Justine,O'Gavin,jogavinig@photobucket.com,9 Rusk Alley,Roanoke,Virginia,24014
Lanni,Jina,ljinaih@usgs.gov,41612 Acker Park,Columbus,Ohio,43204
Aluino,Sara,asaraii@blog.com,47 Moulton Circle,Toledo,Ohio,43656
Gerhardine,Kaemena,gkaemenaij@tmall.com,7 Portage Avenue,Houston,Texas,77218
Seward,Bickerdyke,sbickerdykeik@yandex.ru,2 Carioca Center,Lubbock,Texas,79410
Nana,Toffolo,ntoffoloil@bizjournals.com,0 Schiller Crossing,Charleston,South Carolina,29424
Frances,Beckson,fbecksonim@blinklist.com,8812 Stuart Lane,Port Saint Lucie,Florida,34985
Nissie,Wragge,nwraggein@sciencedirect.com,6752 Schiller Point,El Paso,Texas,88574
Anne,Byard,abyardio@tiny.cc,5 Comanche Park,Seattle,Washington,98148
Katusha,Tilberry,ktilberryip@kickstarter.com,6031 Haas Lane,Columbus,Ohio,43226
Emmalee,Sands-Allan,esandsallaniq@nymag.com,93 Londonderry Alley,Saint Petersburg,Florida,33715
Gabie,Haliburton,ghaliburtonir@vimeo.com,61 Fremont Plaza,Riverside,California,92505
Patrizia,Perazzo,pperazzois@linkedin.com,999 Talmadge Plaza,Denver,Colorado,80204
Almeda,Geater,ageaterit@wikispaces.com,244 Reindahl Way,Roanoke,Virginia,24048
Gael,Mulvihill,gmulvihilliu@yahoo.com,7104 Loftsgordon Place,Beaverton,Oregon,97075
Burnaby,Messom,bmessomiv@walmart.com,0 Hallows Drive,Birmingham,Alabama,35205
Gino,Kennaway,gkennawayiw@google.nl,87331 Miller Park,Rockford,Illinois,61105
Cheslie,Adel,cadelix@patch.com,7028 Hovde Hill,San Francisco,California,94116
Kim,Burkitt,kburkittiy@diigo.com,4 Jenna Avenue,Pinellas Park,Florida,34665
Veradis,Curphey,vcurpheyiz@shop-pro.jp,48427 Killdeer Street,Chattanooga,Tennessee,37450
Harriot,de Verson,hdeversonj0@jugem.jp,070 Union Lane,Bozeman,Montana,59771
Odetta,Preshaw,opreshawj1@nymag.com,8 Utah Parkway,Boston,Massachusetts,02124
Karlotta,Bowring,kbowringj2@salon.com,173 Magdeline Terrace,Irving,Texas,75062
Ivar,Reedshaw,ireedshawj3@engadget.com,837 Donald Crossing,Mobile,Alabama,36616
Krissie,Starte,kstartej4@skype.com,649 Springs Court,Ocala,Florida,34479
Thomasina,Lince,tlincej5@economist.com,629 Everett Avenue,Evansville,Indiana,47725
Sherwynd,Plum,splumj6@hatena.ne.jp,315 Lunder Center,Carlsbad,California,92013
Loydie,Spurgeon,lspurgeonj7@baidu.com,0512 Linden Street,Atlanta,Georgia,31132
Lesley,Siene,lsienej8@discovery.com,9328 Columbus Terrace,Garland,Texas,75049
Ferd,Toland,ftolandj9@printfriendly.com,31 Sycamore Road,South Bend,Indiana,46634
Aldus,Chatten,achattenja@mediafire.com,68300 Pepper Wood Trail,Chicago,Illinois,60691
Olly,Witts,owittsjb@cornell.edu,9 Coleman Street,North Hollywood,California,91606
Connor,Limer,climerjc@aboutads.info,546 Oakridge Circle,Pinellas Park,Florida,34665
Stephannie,Burnel,sburneljd@mlb.com,45725 Superior Avenue,Topeka,Kansas,66642
Antonius,Copes,acopesje@symantec.com,36 Hanover Road,Baltimore,Maryland,21281
Darsey,Pinkerton,dpinkertonjf@zdnet.com,6 Bunker Hill Court,Montgomery,Alabama,36195
Adda,Pettie,apettiejg@msn.com,9308 Ludington Lane,Baton Rouge,Louisiana,70810
Mercy,Keogh,mkeoghjh@theguardian.com,59 Green Ridge Road,San Luis Obispo,California,93407
Misha,Blaszczynski,mblaszczynskiji@newsvine.com,4720 Lotheville Alley,Tampa,Florida,33680
Harriet,Darrell,hdarrelljj@prnewswire.com,6 Rusk Plaza,Las Vegas,Nevada,89160
Blisse,Sawdy,bsawdyjk@sina.com.cn,62 Lukken Hill,Young America,Minnesota,55573
Saba,Twatt,stwattjl@scribd.com,0 Manitowish Trail,Cincinnati,Ohio,45228
Coralyn,Sorey,csoreyjm@theatlantic.com,79046 Rowland Lane,Oakland,California,94611
Orion,MacArthur,omacarthurjn@omniture.com,2865 Dennis Plaza,Colorado Springs,Colorado,80945
Annabelle,Cornborough,acornboroughjo@hugedomains.com,861 Delladonna Lane,Nashville,Tennessee,37235
Rudd,Paprotny,rpaprotnyjp@artisteer.com,29 Lakewood Court,Fort Worth,Texas,76134
Eva,Hendrichs,ehendrichsjq@usnews.com,0 Leroy Alley,Athens,Georgia,30605
Fey,Setchell,fsetchelljr@tripod.com,620 Vahlen Circle,El Paso,Texas,79968
Darby,Asplin,dasplinjs@t-online.de,219 Pennsylvania Trail,Tulsa,Oklahoma,74170
Tucky,Rodda,troddajt@tuttocitta.it,03003 Cambridge Street,Phoenix,Arizona,85083
Carolan,Hulland,chullandju@unblog.fr,58933 Anhalt Court,Evansville,Indiana,47737
Genni,Petett,gpetettjv@wikipedia.org,93444 Merry Alley,Reno,Nevada,89510
Dougy,Spellward,dspellwardjw@unicef.org,6 Browning Drive,Kansas City,Kansas,66105
Vassily,Hingeley,vhingeleyjx@friendfeed.com,19 Goodland Place,Little Rock,Arkansas,72209
Jaclin,Truse,jtrusejy@ocn.ne.jp,0 Manley Center,Los Angeles,California,90065
Berk,Mingo,bmingojz@smugmug.com,989 Laurel Way,Lincoln,Nebraska,68505
Odessa,Kither,okitherk0@delicious.com,23558 Sage Road,Dallas,Texas,75251
Rodi,Clint,rclintk1@adobe.com,89 Debra Terrace,Tallahassee,Florida,32304
Marissa,Mindenhall,mmindenhallk2@jiathis.com,218 Farwell Junction,Pinellas Park,Florida,34665
Jeanette,Lintott,jlintottk3@photobucket.com,39159 Spaight Circle,Washington,District of Columbia,20370
Marv,Broseke,mbrosekek4@ning.com,455 Mcbride Center,New York City,New York,10280
Edi,Crisall,ecrisallk5@nationalgeographic.com,09355 Pawling Road,Arlington,Virginia,22212
Krishnah,Pleasants,kpleasantsk6@example.com,75241 Melvin Way,San Bernardino,California,92424
Molly,Glennard,mglennardk7@comsenz.com,96 Sheridan Lane,Cleveland,Ohio,44191
Truman,Rysom,trysomk8@accuweather.com,15 Mayer Crossing,Washington,District of Columbia,20456
Melodie,Szymonowicz,mszymonowiczk9@gnu.org,03 Sunbrook Circle,Miami,Florida,33185
Garrik,Smalley,gsmalleyka@youku.com,0 Thackeray Avenue,Baltimore,Maryland,21211
George,Crocombe,gcrocombekb@sphinn.com,2 Starling Park,Newark,Delaware,19714
Cassandra,Plak,cplakkc@weebly.com,99 Amoth Road,Cincinnati,Ohio,45999
Hal,Giovanni,hgiovannikd@skyrock.com,71 Oriole Place,Sacramento,California,95838
Gelya,Trenbey,gtrenbeyke@buzzfeed.com,5709 Transport Avenue,Fort Wayne,Indiana,46852
Janette,Lineen,jlineenkf@ning.com,057 Ilene Center,Salt Lake City,Utah,84152
Brittany,Kolis,bkoliskg@github.io,0751 Division Court,Punta Gorda,Florida,33982
Selma,Rushsorth,srushsorthkh@chronoengine.com,1971 Main Road,Phoenix,Arizona,85005
Jeffy,Bowling,jbowlingki@squarespace.com,97 Clarendon Pass,Honolulu,Hawaii,96810
Cathy,O'Growgane,cogrowganekj@infoseek.co.jp,97 Luster Road,Katy,Texas,77493
Barbe,Lucken,bluckenkk@accuweather.com,3 Sommers Point,Washington,District of Columbia,20231
Derrik,Bitchener,dbitchenerkl@uiuc.edu,9757 Donald Pass,Waterbury,Connecticut,06721
Ede,Gover,egoverkm@ebay.co.uk,861 Stoughton Alley,Washington,District of Columbia,20591
Nicolis,Couling,ncoulingkn@4shared.com,1893 Mallory Way,Greensboro,North Carolina,27499
Cassius,Treslove,ctresloveko@netscape.com,502 Bunker Hill Center,Greensboro,North Carolina,27455
Bernete,Wallman,bwallmankp@cmu.edu,6 Londonderry Plaza,New York City,New York,10175
Britt,Bedrosian,bbedrosiankq@cafepress.com,95 Little Fleur Street,Lexington,Kentucky,40515
Jaclyn,Ferraron,jferraronkr@merriam-webster.com,2 Continental Crossing,Pensacola,Florida,32575
Gabbie,Isaq,gisaqks@amazonaws.com,886 Everett Center,Hartford,Connecticut,06140
Scottie,Lawtey,slawteykt@meetup.com,8 Straubel Center,Buffalo,New York,14205
Whitman,Romanetti,wromanettiku@hp.com,3444 Fieldstone Lane,Houston,Texas,77035
Selby,Overlow,soverlowkv@springer.com,20 Hermina Hill,Irvine,California,92619
Amelina,Barkaway,abarkawaykw@jimdo.com,56 Hovde Plaza,Tucson,Arizona,85725
Aloysius,Di Domenico,adidomenicokx@hc360.com,669 Lillian Crossing,Philadelphia,Pennsylvania,19109
Sharl,Pyer,spyerky@gnu.org,52547 Dorton Street,Washington,District of Columbia,20535
Cleopatra,Gaspard,cgaspardkz@cdbaby.com,3 Grover Trail,San Antonio,Texas,78210
Biddie,Aslie,basliel0@si.edu,2937 Tennessee Pass,El Paso,Texas,88553
Shurlocke,Ambroix,sambroixl1@google.pl,91125 Ilene Pass,Jamaica,New York,11499
Rosalia,Maraga,rmaragal2@ask.com,5473 Alpine Street,Reno,Nevada,89510
Casi,Chesnay,cchesnayl3@ehow.com,660 5th Way,Little Rock,Arkansas,72231
Garry,Hazeldean,ghazeldeanl4@cbslocal.com,730 Dayton Center,Dallas,Texas,75323
Tabb,Gingel,tgingell5@vkontakte.ru,5197 Rieder Center,New York City,New York,10203
Heida,Pasquale,hpasqualel6@noaa.gov,28402 Lien Terrace,Richmond,Virginia,23285
Kristoforo,Camblin,kcamblinl7@drupal.org,87 Pleasure Drive,Chicago,Illinois,60646
Conny,Maliffe,cmaliffel8@chron.com,79184 Loftsgordon Lane,Midland,Texas,79705
Dulcinea,Ratie,dratiel9@wikipedia.org,7 Saint Paul Road,North Port,Florida,34290
Hildagard,Caccavari,hcaccavarila@oakley.com,371 Farwell Pass,El Paso,Texas,79955
Brandy,McElory,bmcelorylb@theglobeandmail.com,2 Havey Drive,San Francisco,California,94142
Julienne,Mechell,jmechelllc@mayoclinic.com,04 Ronald Regan Circle,Portland,Maine,04109
Idell,Bourget,ibourgetld@arizona.edu,05819 Pepper Wood Drive,Paterson,New Jersey,07544
Teodoro,Crawley,tcrawleyle@telegraph.co.uk,3 Dorton Center,Roanoke,Virginia,24014
Kelcey,Civitillo,kcivitillolf@blogtalkradio.com,110 3rd Avenue,Katy,Texas,77493
Deeyn,Fairfoull,dfairfoulllg@whitehouse.gov,2 Elmside Junction,Washington,District of Columbia,20425
Berky,Branche,bbranchelh@yale.edu,64 Lake View Crossing,Topeka,Kansas,66699
Lorinda,Denes,ldenesli@technorati.com,3367 Harper Place,Chesapeake,Virginia,23324
Gwenny,Jezzard,gjezzardlj@abc.net.au,87967 Scott Avenue,Savannah,Georgia,31422
Lorrayne,Tixier,ltixierlk@prweb.com,0 Lunder Parkway,Kansas City,Missouri,64101
Madella,Burrass,mburrassll@utexas.edu,5 Grover Center,Austin,Texas,78737
Corliss,Samweyes,csamweyeslm@answers.com,1 Glendale Hill,Stamford,Connecticut,06912
Lizzy,Burnie,lburnieln@freewebs.com,58 Hansons Street,Yonkers,New York,10705
Norri,McKellar,nmckellarlo@jalbum.net,71 Raven Plaza,Wichita,Kansas,67210
Talbert,Sigmund,tsigmundlp@gravatar.com,37350 Mcbride Circle,Jackson,Mississippi,39204
Brucie,Rablan,brablanlq@behance.net,20480 Northfield Alley,Houston,Texas,77240
Karisa,Dabernott,kdabernottlr@redcross.org,03 Di Loreto Pass,Pasadena,California,91125
Iris,Paxton,ipaxtonls@booking.com,76 Golden Leaf Park,Battle Creek,Michigan,49018
Denni,Orpin,dorpinlt@si.edu,87457 Glendale Hill,San Diego,California,92165
Ulysses,Bryan,ubryanlu@virginia.edu,3654 Packers Terrace,Honolulu,Hawaii,96840
Marti,Cotta,mcottalv@vinaora.com,7987 Fairfield Place,Trenton,New Jersey,08650
Beryle,Evensden,bevensdenlw@ezinearticles.com,63050 Myrtle Crossing,Humble,Texas,77346
Elisa,Local,elocallx@acquirethisname.com,47 Quincy Avenue,Fort Collins,Colorado,80525
Abigail,Gradley,agradleyly@wired.com,0 Summit Way,Chicago,Illinois,60636
Beryle,Andrich,bandrichlz@hubpages.com,76759 Marcy Parkway,New Brunswick,New Jersey,08922
Netti,Bikker,nbikkerm0@businessweek.com,274 Canary Way,Knoxville,Tennessee,37919
Nannette,Antoszewski,nantoszewskim1@altervista.org,7543 Mallory Park,Texarkana,Texas,75507
Heall,Falconbridge,hfalconbridgem2@domainmarket.com,5674 Truax Road,Youngstown,Ohio,44555
Antoine,Di Claudio,adiclaudiom3@loc.gov,4 Manley Parkway,Dayton,Ohio,45440
Stefa,Lengthorn,slengthornm4@webmd.com,872 Beilfuss Crossing,Buffalo,New York,14220
Rozanna,Kaysor,rkaysorm5@wired.com,3918 Doe Crossing Junction,Prescott,Arizona,86305
Jourdain,Brannigan,jbranniganm6@google.com.br,77927 8th Circle,San Francisco,California,94169
Franciskus,Petrishchev,fpetrishchevm7@geocities.jp,64 Hauk Street,Brooklyn,New York,11236
Hali,Worshall,hworshallm8@accuweather.com,59 New Castle Center,Paterson,New Jersey,07522
Patrizio,Whyborn,pwhybornm9@google.com,239 Sauthoff Alley,Portland,Oregon,97211
Caryl,Tatford,ctatfordma@mtv.com,57 Blue Bill Park Plaza,Fargo,North Dakota,58106
Ellene,Strewther,estrewthermb@about.com,74 1st Drive,Kansas City,Missouri,64142
Edgardo,Bednall,ebednallmc@tinyurl.com,1 Westerfield Alley,Atlanta,Georgia,30323
Katerine,Picker,kpickermd@chicagotribune.com,4255 Northridge Road,El Paso,Texas,79911
Daryn,Shorrock,dshorrockme@biglobe.ne.jp,007 Blue Bill Park Park,Las Vegas,Nevada,89140
Newton,Bedbury,nbedburymf@lulu.com,04197 Lakeland Court,Huntington,West Virginia,25726
Natalina,Ibell,nibellmg@wikimedia.org,1807 Forest Dale Circle,Cincinnati,Ohio,45249
Graeme,Eberdt,geberdtmh@bandcamp.com,88020 New Castle Parkway,El Paso,Texas,88553
Talbert,Stairmand,tstairmandmi@nationalgeographic.com,1 Coolidge Court,Rochester,New York,14609
Gianina,Icke,gickemj@pagesperso-orange.fr,2238 Merrick Terrace,Macon,Georgia,31217
Anthea,Scotti,ascottimk@list-manage.com,5 Farragut Plaza,New York City,New York,10155
Kile,Compford,kcompfordml@moonfruit.com,0113 Talisman Crossing,Flushing,New York,11388
Ezechiel,Ganniclifft,eganniclifftmm@usgs.gov,1 Service Way,North Port,Florida,34290
Peyter,Nuzzti,pnuzztimn@opera.com,13154 Colorado Park,Pittsburgh,Pennsylvania,15210
Tiphani,Buffey,tbuffeymo@guardian.co.uk,43 Eagan Lane,Pueblo,Colorado,81015
Ewell,Scheffel,escheffelmp@xing.com,493 School Drive,Milwaukee,Wisconsin,53205
Whitman,Monier,wmoniermq@archive.org,3679 Graedel Crossing,Lubbock,Texas,79452
My,Cobon,mcobonmr@netlog.com,538 Bluestem Avenue,Houston,Texas,77276
Rani,Beausang,rbeausangms@indiegogo.com,33 Corben Trail,Houston,Texas,77035
Joelle,Dispencer,jdispencermt@yellowbook.com,1 Talmadge Place,Waltham,Massachusetts,02453
Bellanca,Erb,berbmu@nifty.com,8 Summerview Trail,Indianapolis,Indiana,46221
Leland,Evitts,levittsmv@theatlantic.com,7353 Hoffman Pass,Omaha,Nebraska,68144
Findley,Horbath,fhorbathmw@geocities.com,32 Darwin Circle,Saint Paul,Minnesota,55108
Wait,Laister,wlaistermx@ameblo.jp,59 Daystar Point,Fredericksburg,Virginia,22405
Dulcea,Broderick,dbroderickmy@hc360.com,5439 Center Crossing,El Paso,Texas,88579
Evelin,Keady,ekeadymz@furl.net,8 Rowland Pass,Albany,New York,12210
Glad,Oswick,goswickn0@e-recht24.de,8306 Kings Terrace,Seattle,Washington,98121
Brinn,Morad,bmoradn1@hibu.com,76 Messerschmidt Pass,Columbus,Ohio,43204
Kamilah,Denne,kdennen2@samsung.com,20031 Hoepker Court,Denver,Colorado,80243
Currey,Sexton,csextonn3@stanford.edu,67538 Harbort Plaza,Virginia Beach,Virginia,23454
Valdemar,Cordeix,vcordeixn4@princeton.edu,0026 Farwell Street,Cincinnati,Ohio,45223
Clim,Robley,crobleyn5@walmart.com,316 Mockingbird Road,Bethesda,Maryland,20892
Aurora,Garwell,agarwelln6@cocolog-nifty.com,9955 Pond Lane,Gastonia,North Carolina,28055
Minny,Shiers,mshiersn7@microsoft.com,1 8th Terrace,Colorado Springs,Colorado,80925
Ianthe,McClurg,imcclurgn8@disqus.com,156 Vidon Court,Houston,Texas,77260
Sybil,Akister,sakistern9@sun.com,2741 Thierer Drive,Memphis,Tennessee,38114
Padraig,Attow,pattowna@answers.com,087 Heath Crossing,Wichita,Kansas,67236
Winona,Dahlberg,wdahlbergnb@miitbeian.gov.cn,81 Milwaukee Lane,Oakland,California,94616
Barrie,Triggle,btrigglenc@webnode.com,2 Beilfuss Plaza,Saint Louis,Missouri,63196
Gennifer,Canete,gcanetend@cnn.com,89640 Butterfield Park,Abilene,Texas,79605
Holli,Bidgod,hbidgodne@merriam-webster.com,22 1st Pass,Detroit,Michigan,48206
Anett,Guilloux,aguillouxnf@vk.com,14396 Atwood Way,Evansville,Indiana,47732
Breanne,Finney,bfinneyng@irs.gov,4244 Meadow Valley Parkway,Trenton,New Jersey,08608
Camellia,Gorring,cgorringnh@51.la,4888 Arrowood Court,Norcross,Georgia,30092
Ryann,Shewen,rshewenni@dedecms.com,2476 Schlimgen Terrace,Corpus Christi,Texas,78415
Peirce,Goodhall,pgoodhallnj@icq.com,5 Emmet Plaza,Memphis,Tennessee,38150
Moe,Mallatratt,mmallatrattnk@altervista.org,4 Sommers Street,Reno,Nevada,89510
Cobb,Billingham,cbillinghamnl@umich.edu,00340 Carpenter Place,Albany,New York,12232
Arliene,O' Connell,aoconnellnm@barnesandnoble.com,03 Russell Court,Saint Petersburg,Florida,33710
Petr,Bosnell,pbosnellnn@oracle.com,46520 Cordelia Court,Sparks,Nevada,89436
Worthington,McGairl,wmcgairlno@slate.com,44 Gina Drive,Grand Rapids,Michigan,49544
Larisa,Brumham,lbrumhamnp@dot.gov,934 Calypso Pass,Orlando,Florida,32859
Valle,Minors,vminorsnq@vistaprint.com,3420 Hollow Ridge Center,Austin,Texas,78737
Albie,Sandy,asandynr@freewebs.com,76813 Eastwood Lane,Knoxville,Tennessee,37924
Lissi,Hendrich,lhendrichns@wikia.com,599 Delaware Trail,Oklahoma City,Oklahoma,73135
August,Hardware,ahardwarent@hibu.com,9276 Lighthouse Bay Plaza,Spokane,Washington,99210
Mari,Kullmann,mkullmannnu@yellowpages.com,1 Gina Hill,Pittsburgh,Pennsylvania,15286
Sal,Baldrey,sbaldreynv@topsy.com,90586 Brown Hill,Albany,New York,12210
Cloris,Whiffin,cwhiffinnw@ibm.com,18098 International Drive,Houston,Texas,77055
Byrom,Fitkin,bfitkinnx@noaa.gov,5 Buhler Court,Naples,Florida,33961
Sheffield,Cestard,scestardny@bbc.co.uk,4588 Banding Lane,Alhambra,California,91841
Keefe,Saberton,ksabertonnz@theguardian.com,9 Scott Parkway,Augusta,Georgia,30919
Caryn,Winsor,cwinsoro0@umich.edu,9 Linden Court,Atlanta,Georgia,30336
Vonni,Pandey,vpandeyo1@tinypic.com,623 Bluejay Lane,New Orleans,Louisiana,70165
Karena,Bownass,kbownasso2@ask.com,9418 Debs Alley,Metairie,Louisiana,70033
Beverley,Morston,bmorstono3@accuweather.com,2 Eggendart Circle,Albany,New York,12247
Hayden,Scouller,hscoullero4@ezinearticles.com,6970 Summerview Trail,Garland,Texas,75044
Elwood,Lavielle,elavielleo5@cyberchimps.com,5955 Kings Way,Humble,Texas,77346
Saloma,Hlavecek,shlaveceko6@latimes.com,97224 Northfield Alley,Chula Vista,California,91913
Constantin,Fisbey,cfisbeyo7@soundcloud.com,448 Dennis Park,Madison,Wisconsin,53710
Clemmie,Bruniges,cbrunigeso8@uol.com.br,2441 Hintze Terrace,Scottsdale,Arizona,85255
Inness,Beaglehole,ibeagleholeo9@microsoft.com,49 High Crossing Hill,Houston,Texas,77271
Jorge,McGlade,jmcgladeoa@w3.org,4396 Prairie Rose Junction,El Paso,Texas,79955
Vaclav,Bygrave,vbygraveob@mapquest.com,54 Barby Circle,Baltimore,Maryland,21239
Vidovik,Spilling,vspillingoc@nih.gov,74 Westridge Point,Washington,District of Columbia,20436
Esmeralda,Mees,emeesod@nsw.gov.au,425 Prairie Rose Alley,Phoenix,Arizona,85083
Nickolas,Haythorne,nhaythorneoe@omniture.com,3728 Wayridge Crossing,Houston,Texas,77040
Calvin,Godmar,cgodmarof@ox.ac.uk,3512 Fordem Trail,Detroit,Michigan,48242
Devin,Yannikov,dyannikovog@xrea.com,09265 Sugar Trail,Raleigh,North Carolina,27690
Fonz,Hubert,fhubertoh@chron.com,28 Mcbride Place,El Paso,Texas,79968
Meagan,Latey,mlateyoi@dmoz.org,419 Schurz Circle,Huntington,West Virginia,25709
Germain,Winchurch,gwinchurchoj@tmall.com,72260 Montana Place,Camden,New Jersey,08104
Delmar,Fidilis,dfidilisok@smugmug.com,13 Buhler Parkway,Carol Stream,Illinois,60351
Huntington,Martusewicz,hmartusewiczol@census.gov,04951 Tennessee Street,Saint Petersburg,Florida,33737
Christan,Yellop,cyellopom@etsy.com,86134 Union Avenue,New York City,New York,10280
Carma,Caudle,ccaudleon@sitemeter.com,534 Birchwood Center,Fort Worth,Texas,76129
Randene,Waslin,rwaslinoo@bloomberg.com,71873 Grasskamp Hill,Roanoke,Virginia,24040
Rudyard,Grzelczyk,rgrzelczykop@desdev.cn,8 Helena Way,Virginia Beach,Virginia,23471
Urbanus,Hayes,uhayesoq@ihg.com,57901 Beilfuss Plaza,Phoenix,Arizona,85067
Tawsha,Lafranconi,tlafranconior@indiatimes.com,7842 Walton Trail,Sacramento,California,95865
Christoffer,Gregor,cgregoros@techcrunch.com,84383 Mesta Place,Decatur,Georgia,30089
Thomasin,Glavias,tglaviasot@eventbrite.com,3095 Hooker Center,Houston,Texas,77234
Avril,Flewett,aflewettou@google.com.br,7 Blackbird Pass,Minneapolis,Minnesota,55446
Finn,Benardeau,fbenardeauov@patch.com,4905 Gateway Drive,Dallas,Texas,75323
Giraldo,Flight,gflightow@desdev.cn,25 Kingsford Parkway,Roanoke,Virginia,24024
Romola,Waistall,rwaistallox@networkadvertising.org,74 Shelley Road,Dallas,Texas,75210
Leonerd,Hobbema,lhobbemaoy@liveinternet.ru,71 Goodland Alley,Waco,Texas,76711
Fernanda,Weyman,fweymanoz@imdb.com,3 Grim Junction,Clearwater,Florida,34615
Tarra,Ballingal,tballingalp0@cdbaby.com,9351 Brentwood Court,White Plains,New York,10606
Joaquin,Wildman,jwildmanp1@europa.eu,22826 Autumn Leaf Circle,Lancaster,Pennsylvania,17605
Alberik,Siverns,asivernsp2@weibo.com,55 Clove Drive,East Saint Louis,Illinois,62205
Bald,Brito,bbritop3@cloudflare.com,28 Rutledge Way,Farmington,Michigan,48335
Jayme,Saunders,jsaundersp4@wunderground.com,79 American Park,Salt Lake City,Utah,84145
Lovell,Kubat,lkubatp5@slashdot.org,7 Lakewood Gardens Crossing,Norfolk,Virginia,23551
Kylie,St. Paul,kstpaulp6@de.vu,206 Clarendon Hill,Greeley,Colorado,80638
Sibley,Treend,streendp7@nature.com,7969 Glacier Hill Crossing,Cleveland,Ohio,44118
Tabitha,Rentoll,trentollp8@privacy.gov.au,06307 Eggendart Circle,Birmingham,Alabama,35220
Kitti,Pacheco,kpachecop9@slate.com,18 Sachs Crossing,Philadelphia,Pennsylvania,19160
Michail,McGirr,mmcgirrpa@si.edu,532 Brickson Park Hill,Milwaukee,Wisconsin,53277
Karlen,Vallentin,kvallentinpb@goo.gl,85 Porter Plaza,Lincoln,Nebraska,68505
Francesco,Burvill,fburvillpc@desdev.cn,67872 Tomscot Avenue,San Antonio,Texas,78220
Lammond,Tadd,ltaddpd@yolasite.com,39376 Anhalt Lane,Wilmington,North Carolina,28405
Kameko,Jelleman,kjellemanpe@buzzfeed.com,463 Judy Junction,Washington,District of Columbia,20430
Natalee,Backshell,nbackshellpf@sciencedaily.com,0106 Crescent Oaks Avenue,San Antonio,Texas,78235
Thibaud,Mixhel,tmixhelpg@altervista.org,5 Gulseth Drive,Phoenix,Arizona,85030
Hayley,Cunah,hcunahph@ucla.edu,18559 Arapahoe Junction,Fort Lauderdale,Florida,33315
Timi,Arniz,tarnizpi@miitbeian.gov.cn,3 Sundown Hill,Anderson,South Carolina,29625
Anatole,Clutheram,aclutherampj@miibeian.gov.cn,6 Colorado Center,Los Angeles,California,90020
Babs,Willarton,bwillartonpk@hp.com,41818 Steensland Crossing,Chicago,Illinois,60619
Andres,Tytterton,atyttertonpl@apple.com,85615 Acker Terrace,Des Moines,Iowa,50362
Pamelina,Reveland,prevelandpm@newyorker.com,687 Dottie Alley,Atlanta,Georgia,30356
Sigfried,Jorczyk,sjorczykpn@cyberchimps.com,5088 Kropf Circle,Roanoke,Virginia,24048
Dante,Heeron,dheeronpo@google.ru,296 Park Meadow Trail,Tallahassee,Florida,32304
Leonie,Arlidge,larlidgepp@pcworld.com,1 Becker Way,Lansing,Michigan,48930
Serge,Wilkennson,swilkennsonpq@ftc.gov,1481 Mcbride Crossing,Tacoma,Washington,98481
Alic,Farrier,afarrierpr@163.com,9 Warbler Alley,El Paso,Texas,88514
Hestia,Fiddler,hfiddlerps@opensource.org,040 Northland Place,Fort Worth,Texas,76198
Raoul,MacClure,rmacclurept@utexas.edu,63782 Sauthoff Park,Birmingham,Alabama,35285
Pooh,Gossart,pgossartpu@icq.com,588 Superior Place,Richmond,Virginia,23213
Dodi,MacColl,dmaccollpv@dagondesign.com,501 Loeprich Circle,Pompano Beach,Florida,33064
Torry,Pyer,tpyerpw@mozilla.com,81894 Artisan Crossing,Hartford,Connecticut,06105
Jo ann,Boyfield,jboyfieldpx@wordpress.org,046 Northland Circle,Boulder,Colorado,80310
Joseito,Dockrell,jdockrellpy@elpais.com,000 Glacier Hill Terrace,Hartford,Connecticut,06120
Rudolph,Harsnipe,rharsnipepz@sun.com,4 Jana Center,Tempe,Arizona,85284
Adaline,Emps,aempsq0@csmonitor.com,9778 Truax Drive,Philadelphia,Pennsylvania,19160
Lanna,Elden,leldenq1@hubpages.com,25 Spaight Trail,Waltham,Massachusetts,02453
Richy,Martellini,rmartelliniq2@drupal.org,2 3rd Drive,Salt Lake City,Utah,84152
Hugibert,Baudon,hbaudonq3@list-manage.com,865 Amoth Point,Los Angeles,California,90094
Chiarra,Grebner,cgrebnerq4@google.ca,6175 8th Court,Savannah,Georgia,31416
Sada,Bonnick,sbonnickq5@plala.or.jp,05781 Katie Center,Knoxville,Tennessee,37939
Jeth,Norres,jnorresq6@google.co.uk,31566 Hauk Place,Fresno,California,93726
Coral,Vaughton,cvaughtonq7@flavors.me,1219 Tony Avenue,Macon,Georgia,31210
Gina,Gergolet,ggergoletq8@pcworld.com,98 Lukken Place,Alpharetta,Georgia,30022
Patten,Drury,pdruryq9@marketwatch.com,6092 Toban Parkway,Pensacola,Florida,32505
Fonzie,Seakings,fseakingsqa@telegraph.co.uk,47 Artisan Alley,Oklahoma City,Oklahoma,73173
Theresita,Dowty,tdowtyqb@apache.org,60735 Buell Lane,Corona,California,92878
Chelsae,Phlippsen,cphlippsenqc@google.com.au,72 Luster Street,Athens,Georgia,30605
Che,Thick,cthickqd@twitter.com,0 Elgar Plaza,Detroit,Michigan,48258
Meredith,Kenworthey,mkenwortheyqe@berkeley.edu,56 Ronald Regan Alley,Watertown,Massachusetts,02472
Sigismund,McRobert,smcrobertqf@marriott.com,8992 Jay Plaza,New Haven,Connecticut,06538
Haily,Geeritz,hgeeritzqg@toplist.cz,2 Gale Avenue,Dayton,Ohio,45432
Jacquelynn,Godbehere,jgodbehereqh@merriam-webster.com,1966 Carpenter Way,Baltimore,Maryland,21275
Candy,Peggs,cpeggsqi@nifty.com,9749 La Follette Hill,Albuquerque,New Mexico,87105
Marielle,Wenzel,mwenzelqj@163.com,9861 Brickson Park Lane,Mansfield,Ohio,44905
Kinsley,McCrohon,kmccrohonqk@irs.gov,2 Elgar Crossing,Lawrenceville,Georgia,30245
Claybourne,Coupar,ccouparql@bigcartel.com,62291 Valley Edge Drive,Omaha,Nebraska,68164
Mickie,Poutress,mpoutressqm@weebly.com,5363 Sugar Trail,Sacramento,California,94286
Pammi,Lisle,plisleqn@hc360.com,21 Brown Parkway,Bloomington,Indiana,47405
Isabelle,Thurstance,ithurstanceqo@hexun.com,98183 Colorado Center,Anchorage,Alaska,99599
Heindrick,Crammy,hcrammyqp@barnesandnoble.com,1 Hoffman Lane,Chicago,Illinois,60652
Gifford,Keenlayside,gkeenlaysideqq@seesaa.net,69007 Lindbergh Trail,Salt Lake City,Utah,84130
Charil,Landes,clandesqr@naver.com,55 Green Road,Fort Lauderdale,Florida,33345
Ash,Lamberts,alambertsqs@phpbb.com,240 Chinook Place,Memphis,Tennessee,38150
Ulric,Whittenbury,uwhittenburyqt@irs.gov,44 Sullivan Terrace,Sacramento,California,94291
Gothart,Andres,gandresqu@blogtalkradio.com,05 Sundown Terrace,Santa Fe,New Mexico,87592
Darrelle,Bartolomivis,dbartolomivisqv@ucsd.edu,5 Russell Park,Atlanta,Georgia,31106
Vin,Mulderrig,vmulderrigqw@123-reg.co.uk,39122 Bellgrove Terrace,Columbia,Missouri,65218
Eleen,Bathersby,ebathersbyqx@twitpic.com,69 Oakridge Road,Manassas,Virginia,22111
Charlot,Yerrington,cyerringtonqy@netvibes.com,04 Columbus Pass,Houston,Texas,77288
Cthrine,Tammadge,ctammadgeqz@e-recht24.de,76654 Farwell Drive,Los Angeles,California,90010
Verla,Bernade,vbernader0@cnn.com,456 Prentice Lane,Pittsburgh,Pennsylvania,15286
Lucas,Iacobacci,liacobaccir1@wp.com,62078 Bunker Hill Plaza,Chicago,Illinois,60636
Arlie,MacPake,amacpaker2@dailymotion.com,220 Butterfield Lane,Philadelphia,Pennsylvania,19141
Lila,Samber,lsamberr3@deviantart.com,7761 Twin Pines Parkway,Boston,Massachusetts,02163
Glenn,Culkin,gculkinr4@shop-pro.jp,93236 Del Mar Pass,Syracuse,New York,13210
Oliviero,Wasielewicz,owasielewiczr5@cornell.edu,24 Dixon Plaza,San Bernardino,California,92410
Cherice,Creigan,ccreiganr6@sbwire.com,1 Stuart Plaza,Indianapolis,Indiana,46216
Emery,Kem,ekemr7@taobao.com,9874 Michigan Circle,Sarasota,Florida,34238
Coleen,Jemmison,cjemmisonr8@xrea.com,06476 Sachtjen Circle,San Jose,California,95118
Sheppard,Gawkroge,sgawkroger9@free.fr,656 Schurz Hill,El Paso,Texas,88541
Orin,Rawlison,orawlisonra@clickbank.net,4251 Dexter Court,Springfield,Massachusetts,01105
Karim,Santino,ksantinorb@engadget.com,44 Dwight Hill,Grand Rapids,Michigan,49518
Sebastian,Pilfold,spilfoldrc@illinois.edu,723 Park Meadow Parkway,Washington,District of Columbia,20244
Debby,Standley,dstandleyrd@google.com,61 Arrowood Place,Dallas,Texas,75387
Brade,Sworn,bswornre@lycos.com,631 Dryden Terrace,Shreveport,Louisiana,71166
Barr,Sommersett,bsommersettrf@gmpg.org,6 8th Street,New York City,New York,10019
Lois,Massenhove,lmassenhoverg@sogou.com,8449 Buell Crossing,Houston,Texas,77060
Leif,Snowball,lsnowballrh@archive.org,0 Johnson Road,Denver,Colorado,80209
Gus,Rabbage,grabbageri@infoseek.co.jp,575 Bellgrove Park,Chicago,Illinois,60609
Rhea,Pinnigar,rpinnigarrj@pen.io,65 Saint Paul Hill,Reading,Pennsylvania,19610
Lara,Boissieux,lboissieuxrk@seesaa.net,30 Gulseth Way,Annapolis,Maryland,21405
Leta,Goney,lgoneyrl@opensource.org,7 Meadow Valley Way,Portland,Oregon,97221
Si,Yakolev,syakolevrm@blogger.com,810 Commercial Place,Boise,Idaho,83705
Carlynn,Steen,csteenrn@de.vu,04240 Birchwood Road,West Palm Beach,Florida,33421
Ingram,Greated,igreatedro@archive.org,0 Vermont Parkway,Champaign,Illinois,61825
Chancey,Illiston,cillistonrp@rambler.ru,14 Lerdahl Place,Miami,Florida,33196
Patricia,MacRirie,pmacririerq@example.com,04 Evergreen Pass,Fresno,California,93721
Gayle,Stanlock,gstanlockrr@altervista.org,1243 Ruskin Drive,Austin,Texas,78726
